一	一
乙	乙
丁	丁
七	七
乃	乃
九	九
了	了
二	二
人	人
入	入
八	八
几	几
刀	刀
刁	刁
力	力
匕	匕
十	十
卜	卜
又	又
三	三
下	下
丈	丈
上	上
丫	丫
丸	丸
凡	凡
久	久
么	么
也	也
乞	乞
于	于
亡	亡
兀	兀
刃	刃
千	千
叉	叉
口	口
土	土
士	士
夕	夕
大	大
女	女
子	子
孑	孑
孓	孓
寸	寸
小	小
尸	尸
山	山
川	川
工	工
己	己
已	已
巳	巳
巾	巾
干	干
弓	弓
才	才
丑	丑
丐	丐
不	不
中	中
丹	丹
之	之
尹	尹
予	予
云	云
井	井
互	互
五	五
仁	仁
什	什
仃	仃
仆	仆
仇	仇
仍	仍
今	今
介	介
仄	仄
元	元
允	允
內	内
六	六
兮	兮
公	公
冗	冗
凶	凶
分	分
切	切
刈	刈
勻	匀
勾	勾
勿	勿
化	化
匹	匹
午	午
升	升
卅	卅
卞	卞
厄	厄
友	友
及	及
反	反
壬	壬
天	天
夫	夫
太	太
夭	夭
孔	孔
少	少
尤	尤
尺	尺
屯	屯
巴	巴
幻	幻
廿	廿
弔	吊
引	引
心	心
戈	戈
戶	户
手	手
扎	扎
支	支
文	文
斗	斗
斤	斤
方	方
日	日
曰	曰
月	月
木	木
欠	欠
止	止
歹	歹
毋	毋
比	比
毛	毛
氏	氏
水	水
火	火
爪	爪
父	父
爻	爻
片	片
牙	牙
牛	牛
犬	犬
王	王
丙	丙
世	世
丕	丕
且	且
丘	丘
主	主
乍	乍
乏	乏
乎	乎
以	以
付	付
仔	仔
仕	仕
他	他
仗	仗
代	代
令	令
仙	仙
仞	仞
仟	仟
充	充
兄	兄
冉	冉
冊	册
冬	冬
凹	凹
出	出
凸	凸
刊	刊
加	加
功	功
包	包
匆	匆
北	北
匝	匝
半	半
卉	卉
卡	卡
占	占
卯	卯
卮	卮
去	去
可	可
古	古
右	右
召	召
叮	叮
叩	叩
叨	叨
叼	叼
司	司
叵	叵
叫	叫
另	另
只	只
史	史
叱	叱
台	台
句	句
叭	叭
四	四
囚	囚
外	外
央	央
失	失
奴	奴
奶	奶
孕	孕
它	它
尼	尼
巨	巨
巧	巧
左	左
市	市
布	布
平	平
幼	幼
弁	弁
弘	弘
弗	弗
必	必
戊	戊
打	打
扔	扔
扒	扒
斥	斥
旦	旦
朮	朮
本	本
未	未
末	末
札	札
正	正
母	母
民	民
氐	氐
永	永
汁	汁
汀	汀
氾	泛
犯	犯
玄	玄
玉	玉
瓜	瓜
瓦	瓦
甘	甘
生	生
用	用
甩	甩
田	田
由	由
甲	甲
申	申
疋	疋
白	白
皮	皮
皿	皿
目	目
矛	矛
矢	矢
石	石
示	示
禾	禾
穴	穴
立	立
丞	丞
丟	丢
乒	乒
乓	乓
乩	乩
亙	亘
交	交
亦	亦
亥	亥
仿	仿
伉	伉
伙	伙
伊	伊
伕	夫
伍	伍
伐	伐
休	休
伏	伏
仲	仲
件	件
任	任
仰	仰
仳	仳
份	份
企	企
光	光
兇	凶
兆	兆
先	先
全	全
共	共
再	再
冰	冰
列	列
刑	刑
划	划
刎	刎
劣	劣
匈	匈
匡	匡
匠	匠
印	印
危	危
吉	吉
吏	吏
同	同
吊	吊
吐	吐
吁	吁
吋	吋
各	各
向	向
名	名
合	合
吃	吃
后	后
吆	吆
吒	咤
因	因
回	回
圳	圳
地	地
在	在
圭	圭
圬	圬
圯	圯
夙	夙
多	多
夷	夷
夸	夸
妄	妄
奸	奸
妃	妃
好	好
她	她
如	如
妁	妁
字	字
存	存
宇	宇
守	守
宅	宅
安	安
寺	寺
尖	尖
屹	屹
州	州
帆	帆
并	并
年	年
式	式
弛	弛
忙	忙
忖	忖
戎	戎
戌	戌
戍	戍
成	成
扣	扣
扛	扛
托	托
收	收
早	早
旨	旨
旬	旬
旭	旭
曲	曲
曳	曳
有	有
朽	朽
朴	朴
朱	朱
朵	朵
次	次
此	此
死	死
氖	氖
汝	汝
汗	汗
汙	污
江	江
池	池
汐	汐
汕	汕
灰	灰
牟	牟
牝	牝
百	百
竹	竹
米	米
糸	糸
缶	缶
羊	羊
羽	羽
老	老
考	考
而	而
耒	耒
耳	耳
聿	聿
肉	肉
肋	肋
肌	肌
臣	臣
自	自
至	至
臼	臼
舌	舌
舛	舛
舟	舟
艮	艮
色	色
艾	艾
虫	虫
血	血
行	行
衣	衣
西	西
阡	阡
串	串
亨	亨
位	位
住	住
佇	伫
佗	佗
佞	佞
伴	伴
佛	佛
何	何
估	估
佐	佐
佑	佑
伽	伽
伺	伺
伸	伸
佃	佃
佔	占
似	似
但	但
佣	佣
作	作
你	你
伯	伯
低	低
伶	伶
余	余
佝	佝
兌	兑
克	克
兕	兕
免	免
兵	兵
冶	冶
冷	冷
別	别
判	判
利	利
刪	删
刨	刨
劫	劫
助	助
努	努
劬	劬
匣	匣
即	即
卵	卵
吝	吝
吭	吭
吞	吞
吾	吾
否	否
呎	呎
吧	吧
呆	呆
呃	呃
吳	吴
呈	呈
呂	吕
君	君
吩	吩
告	告
吹	吹
吻	吻
吸	吸
吮	吮
吵	吵
吶	吶
吠	吠
吼	吼
呀	呀
吱	吱
含	含
吟	吟
囪	囱
困	困
囤	囤
坊	坊
坑	坑
址	址
坍	坍
均	均
坎	坎
圾	圾
坐	坐
坏	坏
壯	壮
夾	夹
妝	妆
妒	妒
妨	妨
妞	妞
妣	妣
妙	妙
妖	妖
妍	妍
妤	妤
妓	妓
妊	妊
妥	妥
孝	孝
孜	孜
孚	孚
完	完
宋	宋
宏	宏
尬	尬
局	局
屁	屁
尿	尿
尾	尾
岐	岐
岑	岑
岔	岔
岌	岌
巫	巫
希	希
序	序
庇	庇
床	床
廷	廷
弄	弄
弟	弟
彤	彤
形	形
彷	彷
役	役
忘	忘
忌	忌
志	志
忍	忍
忱	忱
快	快
戒	戒
我	我
抄	抄
抗	抗
抖	抖
技	技
扶	扶
抉	抉
扭	扭
把	把
扼	扼
找	找
批	批
扳	扳
抒	抒
扯	扯
折	折
扮	扮
投	投
抓	抓
抑	抑
改	改
攻	攻
旱	旱
更	更
束	束
李	李
杏	杏
材	材
村	村
杜	杜
杖	杖
杞	杞
杉	杉
步	步
每	每
求	求
汞	汞
沙	沙
沁	沁
沈	沈
沉	沉
沅	沅
沛	沛
汪	汪
決	决
沐	沐
汰	汰
沌	沌
汨	汨
沖	冲
沒	没
汽	汽
沃	沃
汲	汲
汾	汾
灶	灶
灼	灼
災	灾
灸	灸
牢	牢
牡	牡
牠	牠
狄	狄
狂	狂
玖	玖
甬	甬
甫	甫
男	男
甸	甸
皂	皂
盯	盯
矣	矣
私	私
秀	秀
禿	秃
究	究
系	系
罕	罕
肖	肖
肓	肓
肝	肝
肘	肘
肛	肛
肚	肚
育	育
良	良
芒	芒
芋	芋
芍	芍
見	见
角	角
言	言
谷	谷
豆	豆
豕	豕
貝	贝
赤	赤
走	走
足	足
身	身
車	车
辛	辛
辰	辰
迂	迂
迆	迤
迅	迅
迄	迄
巡	巡
邑	邑
邢	邢
邪	邪
邦	邦
那	那
酉	酉
里	里
防	防
阮	阮
阱	阱
阪	阪
並	并
乖	乖
乳	乳
事	事
些	些
亞	亚
享	享
京	京
佯	佯
依	依
侍	侍
佳	佳
使	使
佬	佬
供	供
例	例
來	来
侃	侃
佰	佰
併	并
侈	侈
佩	佩
佻	佻
侖	仑
佾	佾
侏	侏
兔	兔
兒	儿
兩	两
具	具
其	其
典	典
冽	冽
函	函
刻	刻
券	券
刷	刷
刺	刺
到	到
刮	刮
制	制
剁	剁
劾	劾
卒	卒
協	协
卓	卓
卑	卑
卦	卦
卷	卷
卸	卸
卹	恤
取	取
叔	叔
受	受
味	味
呵	呵
咖	咖
呸	呸
咕	咕
咀	咀
呻	呻
呷	呷
咄	咄
咒	咒
咆	咆
呼	呼
咐	咐
呱	呱
呶	呶
和	和
咚	咚
呢	呢
周	周
咋	咋
命	命
咎	咎
固	固
垃	垃
坷	坷
坪	坪
坩	坩
坡	坡
坦	坦
坤	坤
坼	坼
夜	夜
奉	奉
奇	奇
奈	奈
奄	奄
奔	奔
妾	妾
妻	妻
委	委
妹	妹
妮	妮
姑	姑
姆	姆
姐	姐
姍	姗
始	始
姓	姓
姊	姊
妯	妯
妳	你
姒	姒
孟	孟
孤	孤
季	季
宗	宗
定	定
官	官
宜	宜
宙	宙
宛	宛
尚	尚
屈	屈
居	居
屆	届
岷	岷
岡	冈
岸	岸
岩	岩
岫	岫
岱	岱
岳	岳
帘	帘
帚	帚
帖	帖
帕	帕
帛	帛
帑	帑
幸	幸
庚	庚
店	店
府	府
底	底
庖	庖
延	延
弦	弦
弧	弧
弩	弩
往	往
征	征
彿	佛
彼	彼
忝	忝
忠	忠
忽	忽
念	念
忿	忿
怏	怏
怔	怔
怯	怯
怵	怵
怖	怖
怪	怪
怕	怕
怡	怡
性	性
或	或
戕	戕
房	房
戾	戾
所	所
承	承
拉	拉
拌	拌
拄	拄
抿	抿
拂	拂
抹	抹
拒	拒
招	招
披	披
拓	拓
拔	拔
拋	抛
拈	拈
抨	抨
抽	抽
押	押
拐	拐
拙	拙
拇	拇
拍	拍
抵	抵
拚	拚
抱	抱
拘	拘
拖	拖
拗	拗
拆	拆
抬	抬
拎	拎
放	放
斧	斧
於	於
旺	旺
昔	昔
易	易
昌	昌
昆	昆
昂	昂
明	明
昀	昀
昏	昏
服	服
朋	朋
杭	杭
枋	枋
枕	枕
東	东
果	果
杳	杳
杷	杷
枇	枇
枝	枝
林	林
杯	杯
杰	杰
板	板
枉	枉
松	松
析	析
杵	杵
枚	枚
欣	欣
武	武
歧	歧
歿	殁
毒	毒
氓	氓
氛	氛
泣	泣
注	注
泳	泳
沱	沱
泌	泌
泥	泥
河	河
沽	沽
沾	沾
沼	沼
波	波
沫	沫
法	法
泓	泓
沸	沸
泄	泄
油	油
況	况
沮	沮
泗	泗
泅	泅
泱	泱
沿	沿
治	治
泡	泡
泛	泛
泊	泊
炕	炕
炎	炎
炒	炒
炊	炊
炙	炙
爬	爬
爭	争
爸	爸
版	版
牧	牧
物	物
狀	状
狎	狎
狙	狙
狗	狗
狐	狐
玩	玩
玨	珏
玟	玟
玫	玫
甽	甽
疝	疝
疙	疙
疚	疚
的	的
盂	盂
盲	盲
直	直
知	知
矽	矽
社	社
祀	祀
祁	祁
秉	秉
空	空
穹	穹
竺	竺
糾	纠
罔	罔
羌	羌
羋	芈
者	者
肺	肺
肥	肥
肢	肢
肱	肱
股	股
肫	肫
肩	肩
肴	肴
肪	肪
肯	肯
臥	卧
臾	臾
舍	舍
芳	芳
芝	芝
芙	芙
芭	芭
芽	芽
芟	芟
芹	芹
花	花
芬	芬
芥	芥
虎	虎
虱	虱
初	初
表	表
軋	轧
迎	迎
返	返
近	近
邵	邵
邸	邸
邱	邱
采	采
金	金
長	长
門	门
阜	阜
陀	陀
阿	阿
阻	阻
附	附
雨	雨
青	青
非	非
亟	亟
亭	亭
亮	亮
信	信
侵	侵
侯	侯
便	便
俠	侠
俑	俑
俏	俏
保	保
促	促
侶	侣
俘	俘
俟	俟
俊	俊
俗	俗
侮	侮
俐	俐
俄	俄
係	系
俚	俚
俎	俎
俞	俞
兗	兖
冒	冒
冑	冑
冠	冠
剎	剎
剃	剃
削	削
前	前
剌	剌
剋	克
則	则
勇	勇
勉	勉
勃	勃
勁	劲
匍	匍
南	南
卻	却
厚	厚
叛	叛
咬	咬
哀	哀
咨	咨
哎	哎
哉	哉
咸	咸
咦	咦
咳	咳
哇	哇
哂	哂
咽	咽
咪	咪
品	品
哄	哄
哈	哈
咯	咯
咫	咫
咱	咱
咻	咻
垂	垂
型	型
垠	垠
垣	垣
垢	垢
城	城
垮	垮
奕	奕
契	契
奏	奏
奎	奎
奐	奂
姜	姜
姘	姘
姿	姿
姣	姣
姨	姨
娃	娃
姥	姥
姪	侄
姚	姚
姦	奸
威	威
姻	姻
孩	孩
宣	宣
宦	宦
室	室
客	客
宥	宥
封	封
屎	屎
屏	屏
屍	尸
屋	屋
峙	峙
巷	巷
帝	帝
帥	帅
幽	幽
庠	庠
度	度
建	建
弈	弈
弭	弭
彥	彦
很	很
待	待
徊	徊
律	律
徇	徇
後	后
怒	怒
思	思
怠	怠
急	急
怎	怎
怨	怨
恍	恍
恰	恰
恨	恨
恢	恢
恆	恒
恃	恃
恬	恬
恫	恫
恪	恪
恤	恤
扁	扁
拜	拜
挖	挖
按	按
拼	拼
拭	拭
持	持
拮	拮
拽	拽
指	指
拱	拱
拷	拷
拯	拯
括	括
拾	拾
拴	拴
挑	挑
政	政
故	故
斫	斫
施	施
既	既
春	春
昭	昭
映	映
昧	昧
是	是
星	星
昨	昨
曷	曷
柿	柿
染	染
柱	柱
柔	柔
某	某
柬	柬
架	架
枯	枯
柵	栅
柩	柩
柯	柯
柄	柄
柑	柑
枴	拐
柚	柚
查	查
枸	枸
柏	柏
柞	柞
柳	柳
歪	歪
殃	殃
殆	殆
段	段
毗	毗
氟	氟
泉	泉
洋	洋
洲	洲
洪	洪
流	流
津	津
洌	洌
洱	洱
洞	洞
洗	洗
活	活
洽	洽
派	派
洶	汹
洛	洛
炫	炫
為	为
炳	炳
炬	炬
炯	炯
炭	炭
炸	炸
炮	炮
爰	爰
牲	牲
牯	牯
牴	抵
狩	狩
狠	狠
狡	狡
玷	玷
珊	珊
玻	玻
玲	玲
珍	珍
珀	珀
玳	玳
甚	甚
甭	甭
畏	畏
界	界
疫	疫
疤	疤
疥	疥
癸	癸
皆	皆
皇	皇
皈	皈
盈	盈
盆	盆
盃	杯
省	省
盹	盹
相	相
眉	眉
看	看
盾	盾
盼	盼
矜	矜
砂	砂
研	研
砌	砌
砍	砍
祆	祆
祉	祉
祈	祈
祇	祇
禹	禹
科	科
秒	秒
秋	秋
穿	穿
突	突
竿	竿
竽	竽
紂	纣
紅	红
紀	纪
紉	纫
紇	纥
約	约
缸	缸
美	美
羿	羿
耐	耐
耍	耍
耶	耶
胖	胖
胥	胥
胚	胚
胃	胃
胄	胄
背	背
胡	胡
胛	胛
胎	胎
胞	胞
胤	胤
致	致
舢	舢
苧	苎
范	范
茅	茅
苣	苣
苛	苛
苦	苦
茄	茄
若	若
茂	茂
茉	茉
苒	苒
苗	苗
英	英
茁	茁
苜	苜
苔	苔
苑	苑
苞	苞
苓	苓
苟	苟
虐	虐
虹	虹
衍	衍
衫	衫
要	要
計	计
訂	订
訃	讣
貞	贞
負	负
赴	赴
赳	赳
趴	趴
軍	军
軌	轨
述	述
迦	迦
迢	迢
迪	迪
迥	迥
迭	迭
迫	迫
郊	郊
郎	郎
郁	郁
酋	酋
酊	酊
重	重
閂	闩
限	限
陋	陋
陌	陌
降	降
面	面
革	革
韋	韦
韭	韭
音	音
頁	页
風	风
飛	飞
食	食
首	首
香	香
乘	乘
倌	倌
倍	倍
倣	仿
俯	俯
倦	倦
倥	倥
俸	俸
倩	倩
倖	幸
倆	俩
值	值
借	借
倚	倚
倒	倒
們	们
俺	俺
倀	伥
倔	倔
倨	倨
俱	俱
倡	倡
個	个
候	候
倘	倘
俳	俳
修	修
倭	倭
倪	倪
俾	俾
倫	伦
倉	仓
兼	兼
冤	冤
冥	冥
冢	冢
凍	冻
凌	凌
准	准
凋	凋
剖	剖
剜	剜
剔	剔
剛	刚
剝	剥
匪	匪
卿	卿
原	原
厝	厝
叟	叟
哨	哨
唐	唐
唁	唁
唷	唷
哼	哼
哥	哥
哲	哲
唆	唆
哺	哺
唔	唔
哩	哩
哭	哭
員	员
唉	唉
哮	哮
哪	哪
哦	哦
唧	唧
圃	圃
埂	埂
埔	埔
埋	埋
埃	埃
夏	夏
套	套
奘	奘
奚	奚
娑	娑
娘	娘
娜	娜
娟	娟
娛	娱
娓	娓
姬	姬
娠	娠
娣	娣
娩	娩
娥	娥
娌	娌
孫	孙
宰	宰
害	害
家	家
宴	宴
宮	宫
宵	宵
容	容
宸	宸
射	射
屑	屑
展	展
屐	屐
峭	峭
峽	峡
峻	峻
峪	峪
峨	峨
峰	峰
島	岛
崁	崁
差	差
席	席
師	师
庫	库
庭	庭
座	座
弱	弱
徒	徒
徑	径
徐	徐
恙	恙
恣	恣
恥	耻
恐	恐
恕	恕
恭	恭
恩	恩
息	息
悄	悄
悟	悟
悚	悚
悍	悍
悔	悔
悌	悌
悅	悦
悖	悖
扇	扇
拳	拳
挈	挈
拿	拿
捎	捎
挾	挟
振	振
捕	捕
捂	捂
捆	捆
捏	捏
捉	捉
挺	挺
捐	捐
挽	挽
挪	挪
挫	挫
挨	挨
效	效
料	料
旁	旁
旅	旅
時	时
晉	晋
晏	晏
晃	晃
晒	晒
晌	晌
書	书
朔	朔
朕	朕
朗	朗
校	校
核	核
案	案
框	框
桓	桓
根	根
桂	桂
桔	桔
栩	栩
梳	梳
栗	栗
桌	桌
桑	桑
栽	栽
柴	柴
桐	桐
桀	桀
格	格
桃	桃
株	株
桅	桅
栓	栓
殊	殊
殉	殉
殷	殷
氣	气
氧	氧
氨	氨
氦	氦
氤	氤
泰	泰
浪	浪
涕	涕
消	消
涇	泾
浦	浦
浸	浸
海	海
浙	浙
涓	涓
浬	浬
涉	涉
浮	浮
浚	浚
浴	浴
浩	浩
烊	烊
烘	烘
烤	烤
烙	烙
烈	烈
烏	乌
爹	爹
特	特
狼	狼
狹	狭
狽	狈
狸	狸
狷	狷
班	班
琉	琉
珮	佩
珠	珠
畔	畔
畝	亩
畜	畜
畚	畚
留	留
疾	疾
病	病
症	症
疲	疲
疳	疳
疽	疽
疼	疼
疹	疹
皰	疱
益	益
盍	盍
盎	盎
眩	眩
真	真
眠	眠
眨	眨
矩	矩
砰	砰
砧	砧
砸	砸
砝	砝
破	破
砷	砷
砥	砥
砭	砭
祕	祕
祐	祐
祠	祠
祟	祟
祖	祖
神	神
祝	祝
祗	祗
祚	祚
秤	秤
秣	秣
秧	秧
租	租
秦	秦
秩	秩
窄	窄
窈	窈
站	站
笆	笆
笑	笑
粉	粉
紡	纺
紗	纱
紋	纹
紊	紊
素	素
索	索
純	纯
紐	纽
紕	纰
級	级
紜	纭
納	纳
紙	纸
紛	纷
缺	缺
罟	罟
羔	羔
翅	翅
翁	翁
耆	耆
耘	耘
耕	耕
耙	耙
耗	耗
耽	耽
耿	耿
胱	胱
脂	脂
胰	胰
脅	胁
胭	胭
胴	胴
脆	脆
胸	胸
胳	胳
脈	脉
能	能
脊	脊
臭	臭
臬	臬
舀	舀
舐	舐
航	航
舫	舫
舨	舨
般	般
芻	刍
茫	茫
荒	荒
荔	荔
荊	荆
茸	茸
荐	荐
草	草
茵	茵
茴	茴
荏	荏
茲	兹
茹	茹
茶	茶
茗	茗
荀	荀
茱	茱
虔	虔
蚊	蚊
蚪	蚪
蚓	蚓
蚤	蚤
蚩	蚩
蚌	蚌
蚣	蚣
衰	衰
衷	衷
袁	袁
袂	袂
記	记
訐	讦
討	讨
訌	讧
訕	讪
訊	讯
託	托
訓	训
訖	讫
豈	岂
豺	豺
豹	豹
財	财
貢	贡
起	起
躬	躬
軒	轩
軔	轫
辱	辱
送	送
逆	逆
迷	迷
退	退
迺	乃
迴	回
逃	逃
追	追
逅	逅
邕	邕
郡	郡
酒	酒
配	配
酌	酌
釘	钉
針	针
釗	钊
釜	釜
閃	闪
院	院
陣	阵
陡	陡
陛	陛
陝	陕
除	除
隻	只
飢	饥
馬	马
骨	骨
高	高
鬥	斗
鬲	鬲
鬼	鬼
乾	干
偺	咱
偽	伪
停	停
假	假
偃	偃
偌	偌
做	做
偉	伟
健	健
偶	偶
偎	偎
偕	偕
偵	侦
側	侧
偷	偷
偏	偏
倏	倏
兜	兜
冕	冕
凰	凰
剪	剪
副	副
勒	勒
務	务
勘	勘
動	动
匐	匐
匏	匏
匙	匙
匿	匿
區	区
匾	匾
參	参
曼	曼
商	商
啪	啪
啦	啦
啄	啄
啞	哑
啡	啡
啃	啃
啊	啊
唱	唱
啖	啖
問	问
啕	啕
唯	唯
啤	啤
唸	念
售	售
啜	啜
唬	唬
啣	衔
唳	唳
圈	圈
國	国
域	域
堅	坚
堊	垩
堆	堆
埠	埠
埤	埤
基	基
堂	堂
堵	堵
執	执
培	培
夠	够
奢	奢
娶	娶
婁	娄
婉	婉
婦	妇
婪	婪
婀	婀
娼	娼
婢	婢
婚	婚
婆	婆
婊	婊
孰	孰
寇	寇
寅	寅
寄	寄
寂	寂
宿	宿
密	密
尉	尉
專	专
將	将
屠	屠
屜	屉
崇	崇
崆	崆
崎	崎
崛	崛
崖	崖
崢	峥
崑	昆
崩	崩
崔	崔
崙	仑
巢	巢
常	常
帶	带
帳	帐
帷	帷
康	康
庸	庸
庶	庶
庵	庵
庾	庾
張	张
強	强
彗	彗
彬	彬
彩	彩
彫	雕
得	得
徙	徙
從	从
徘	徘
御	御
恿	恿
患	患
悉	悉
悠	悠
您	您
惋	惋
悴	悴
惦	惦
悽	凄
情	情
悻	悻
悵	怅
惜	惜
悼	悼
惘	惘
惕	惕
惆	惆
惟	惟
悸	悸
惚	惚
戚	戚
戛	戛
扈	扈
掠	掠
控	控
捲	卷
掖	掖
探	探
接	接
捷	捷
捧	捧
掘	掘
措	措
捱	捱
掩	掩
掉	掉
掃	扫
掛	挂
捫	扪
推	推
掄	抡
授	授
掙	挣
採	采
掬	掬
排	排
掏	掏
掀	掀
捻	捻
捩	捩
捨	舍
敝	敝
敖	敖
救	救
教	教
敗	败
啟	启
敏	敏
敘	叙
斜	斜
斬	斩
族	族
旋	旋
旌	旌
旎	旎
晝	昼
晚	晚
晤	晤
晨	晨
晦	晦
曹	曹
勗	勖
望	望
梁	梁
梯	梯
梢	梢
梓	梓
梵	梵
桿	杆
桶	桶
梱	捆
梧	梧
梗	梗
械	械
梃	梃
棄	弃
梭	梭
梆	梆
梅	梅
梔	栀
條	条
梨	梨
梟	枭
欲	欲
殺	杀
毫	毫
氫	氢
涎	涎
涼	凉
淳	淳
淙	淙
液	液
淡	淡
淌	淌
淤	淤
添	添
淺	浅
清	清
淇	淇
淋	淋
涯	涯
淑	淑
涮	涮
淞	淞
淹	淹
涸	涸
混	混
淵	渊
淅	淅
淒	凄
渚	渚
涵	涵
淚	泪
淫	淫
淘	淘
淪	沦
深	深
淮	淮
淨	净
淆	淆
淄	淄
烹	烹
焉	焉
焊	焊
烽	烽
爽	爽
牽	牵
犁	犁
猜	猜
猛	猛
猖	猖
猓	猓
猙	狰
率	率
琅	琅
琊	琊
球	球
理	理
現	现
琍	璃
瓠	瓠
瓶	瓶
瓷	瓷
甜	甜
產	产
略	略
畦	畦
畢	毕
異	异
疏	疏
痊	痊
痔	痔
痕	痕
疵	疵
皎	皎
盔	盔
盒	盒
盛	盛
眷	眷
眾	众
眼	眼
眶	眶
眸	眸
眺	眺
硫	硫
硃	朱
祥	祥
票	票
祭	祭
移	移
窒	窒
窕	窕
笠	笠
笨	笨
笛	笛
第	第
符	符
笙	笙
笞	笞
粒	粒
粗	粗
絆	绊
絃	弦
統	统
紮	扎
紹	绍
紼	绋
絀	绌
細	细
紳	绅
組	组
累	累
終	终
缽	钵
羞	羞
羚	羚
翌	翌
翎	翎
習	习
耜	耜
聊	聊
聆	聆
脯	脯
脖	脖
脣	唇
脫	脱
脩	脩
舂	舂
舵	舵
舷	舷
舶	舶
船	船
莎	莎
莞	莞
莘	莘
荸	荸
莢	荚
莖	茎
莽	莽
莫	莫
莒	莒
莊	庄
莓	莓
莉	莉
莠	莠
荷	荷
荻	荻
荼	荼
處	处
彪	彪
蛇	蛇
蛀	蛀
蚶	蚶
蛄	蛄
蚵	蚵
蛆	蛆
蛋	蛋
蚱	蚱
蚯	蚯
術	术
袞	衮
袈	袈
被	被
袒	袒
袖	袖
袍	袍
袋	袋
覓	觅
規	规
訪	访
訝	讶
訣	诀
訥	讷
許	许
設	设
訟	讼
訛	讹
豉	豉
豚	豚
販	贩
責	责
貫	贯
貨	货
貪	贪
貧	贫
赧	赧
赦	赦
趾	趾
軛	轭
軟	软
這	这
逍	逍
通	通
逗	逗
連	连
速	速
逝	逝
逐	逐
逕	迳
逞	逞
造	造
透	透
逢	逢
逖	逖
逛	逛
途	途
部	部
郭	郭
都	都
酗	酗
野	野
釵	钗
釦	扣
釣	钓
釧	钏
閉	闭
陪	陪
陵	陵
陳	陈
陸	陆
陰	阴
陴	陴
陶	陶
陷	陷
雀	雀
雪	雪
章	章
竟	竟
頂	顶
頃	顷
魚	鱼
鳥	鸟
鹿	鹿
麥	麦
麻	麻
傢	家
傍	傍
傅	傅
備	备
傑	杰
傀	傀
傖	伧
傘	伞
最	最
凱	凯
割	割
剴	剀
創	创
剩	剩
勞	劳
勝	胜
勛	勋
博	博
厥	厥
啻	啻
喀	喀
喧	喧
啼	啼
喊	喊
喝	喝
喘	喘
喂	喂
喜	喜
喪	丧
喔	喔
喇	喇
喋	喋
喃	喃
喳	喳
單	单
喟	喟
唾	唾
喲	哟
喚	唤
喻	喻
喬	乔
喱	喱
啾	啾
喉	喉
圍	围
堯	尧
堪	堪
場	场
堤	堤
堰	堰
報	报
堡	堡
壹	壹
壺	壶
奠	奠
婷	婷
媚	媚
婿	婿
媒	媒
媛	媛
孳	孳
孱	孱
寒	寒
富	富
寓	寓
寐	寐
尊	尊
尋	寻
就	就
嵌	嵌
嵐	岚
巽	巽
幅	幅
帽	帽
幀	帧
幾	几
廊	廊
廁	厕
廂	厢
弼	弼
彭	彭
復	复
循	循
徨	徨
惑	惑
惡	恶
悲	悲
悶	闷
惠	惠
愜	惬
愣	愣
惺	惺
愕	愕
惰	惰
惻	恻
惴	惴
慨	慨
惱	恼
愎	愎
惶	惶
愉	愉
愀	愀
戟	戟
扉	扉
掣	掣
掌	掌
描	描
揀	拣
揩	揩
揉	揉
揆	揆
揍	揍
插	插
揣	揣
提	提
握	握
揖	揖
揭	揭
揮	挥
捶	捶
援	援
揪	揪
換	换
摒	摒
揚	扬
敞	敞
敦	敦
敢	敢
散	散
斑	斑
斐	斐
斯	斯
普	普
晰	晰
晴	晴
晶	晶
景	景
暑	暑
智	智
曾	曾
替	替
期	期
朝	朝
棺	棺
棕	棕
棠	棠
棘	棘
棗	枣
椅	椅
棟	栋
棵	棵
森	森
棧	栈
棹	棹
棒	棒
棲	栖
棣	棣
棋	棋
棍	棍
植	植
椒	椒
椎	椎
棉	棉
棚	棚
款	款
欺	欺
欽	钦
殘	残
殖	殖
殼	壳
毯	毯
氮	氮
氯	氯
港	港
游	游
湔	湔
渡	渡
渲	渲
湧	涌
湊	凑
渠	渠
渥	渥
渣	渣
減	减
湛	湛
湘	湘
渤	渤
湖	湖
湮	湮
渭	渭
渦	涡
湯	汤
渴	渴
湍	湍
渺	渺
測	测
湃	湃
渝	渝
渾	浑
滋	滋
溉	溉
渙	涣
焙	焙
焚	焚
焦	焦
焰	焰
無	无
然	然
煮	煮
牌	牌
犄	犄
犀	犀
猶	犹
猥	猥
猴	猴
猩	猩
琺	珐
琪	琪
琳	琳
琢	琢
琥	琥
琵	琵
琶	琶
琴	琴
甥	甥
甦	苏
畫	画
番	番
痢	痢
痛	痛
痣	痣
痙	痉
痘	痘
痞	痞
登	登
發	发
皖	皖
皓	皓
皴	皴
盜	盗
睏	困
短	短
硝	硝
硬	硬
硯	砚
稍	稍
稈	秆
程	程
稅	税
稀	稀
窘	窘
窗	窗
窖	窖
童	童
竣	竣
等	等
策	策
筆	笔
筐	筐
筒	筒
答	答
筍	笋
筋	筋
筏	筏
粟	粟
粥	粥
絞	绞
結	结
絨	绒
絕	绝
紫	紫
絮	絮
絲	丝
絡	络
給	给
絢	绚
善	善
翔	翔
翕	翕
肅	肃
腕	腕
腔	腔
腋	腋
腑	腑
腎	肾
脹	胀
腆	腆
脾	脾
舒	舒
舜	舜
菩	菩
萃	萃
菸	烟
萍	萍
菠	菠
菅	菅
萋	萋
菁	菁
華	华
菱	菱
菴	庵
著	著
萊	莱
菰	菰
萌	萌
菌	菌
菽	菽
菲	菲
菊	菊
萸	萸
萎	萎
萄	萄
菜	菜
虛	虚
蛟	蛟
蛙	蛙
蛭	蛭
蛔	蛔
蛛	蛛
蛤	蛤
街	街
裁	裁
裂	裂
袱	袱
覃	覃
視	视
註	注
詠	咏
評	评
詞	词
証	证
詁	诂
詔	诏
詛	诅
詐	诈
詆	诋
訴	诉
診	诊
象	象
貂	貂
貯	贮
貼	贴
貳	贰
貽	贻
賁	贲
費	费
賀	贺
貴	贵
買	买
貶	贬
貿	贸
貸	贷
越	越
超	超
趁	趁
跎	跎
距	距
跋	跋
跚	跚
跑	跑
跌	跌
跛	跛
跆	跆
軻	轲
軸	轴
軼	轶
辜	辜
逮	逮
逵	逵
週	周
逸	逸
進	进
鄂	鄂
郵	邮
鄉	乡
酣	酣
酥	酥
量	量
鈔	钞
鈣	钙
鈕	钮
鈉	钠
鈞	钧
鈍	钝
鈐	钤
閔	闵
閏	闰
開	开
閑	闲
間	间
閒	闲
隊	队
階	阶
隋	隋
陽	阳
隅	隅
隆	隆
隍	隍
陲	陲
雁	雁
雅	雅
雄	雄
雋	隽
集	集
雇	雇
雯	雯
雲	云
韌	韧
項	项
順	顺
須	须
飧	飧
飪	饪
飯	饭
飩	饨
飲	饮
飭	饬
馮	冯
馭	驭
黃	黄
黍	黍
黑	黑
亂	乱
傭	佣
債	债
傲	傲
傳	传
僅	仅
傾	倾
催	催
傷	伤
傻	傻
傯	偬
剿	剿
剷	铲
剽	剽
募	募
勦	剿
勤	勤
勢	势
匯	汇
嗟	嗟
嗨	嗨
嗓	嗓
嗦	嗦
嗎	吗
嗜	嗜
嗇	啬
嗑	嗑
嗣	嗣
嗤	嗤
嗯	嗯
嗚	呜
嗡	嗡
嗅	嗅
嗆	呛
嗥	嗥
園	园
圓	圆
塞	塞
塑	塑
塘	塘
塗	涂
塚	冢
塔	塔
填	填
塌	塌
塭	塭
塊	块
塢	坞
奧	奥
嫁	嫁
嫉	嫉
嫌	嫌
媾	媾
媽	妈
媼	媪
媳	媳
嫂	嫂
媲	媲
嵩	嵩
幌	幌
幹	干
廉	廉
廈	厦
弒	弒
彙	汇
徬	彷
微	微
愚	愚
意	意
慈	慈
感	感
想	想
愛	爱
惹	惹
愁	愁
愈	愈
慎	慎
慌	慌
慄	栗
慍	愠
愾	忾
愴	怆
愧	愧
戡	戡
戢	戢
搓	搓
搾	榨
搞	搞
搪	搪
搭	搭
搽	搽
搬	搬
搏	搏
搜	搜
搔	搔
損	损
搶	抢
搖	摇
搗	捣
敬	敬
斟	斟
新	新
暗	暗
暉	晖
暇	暇
暈	晕
暖	暖
會	会
榔	榔
業	业
楚	楚
楷	楷
楠	楠
楔	楔
極	极
椰	椰
概	概
楊	杨
楨	桢
楫	楫
楞	楞
楓	枫
楹	楹
榆	榆
歇	歇
歲	岁
毀	毁
殿	殿
毓	毓
毽	毽
溢	溢
溯	溯
滓	滓
溶	溶
滂	滂
源	源
溝	沟
滇	滇
滅	灭
溥	溥
溘	溘
溼	湿
溺	溺
溫	温
滑	滑
準	准
溜	溜
滄	沧
滔	滔
溪	溪
煎	煎
煙	烟
煩	烦
煤	煤
煉	炼
照	照
煜	煜
煬	炀
煦	煦
煌	煌
煥	焕
煞	煞
爺	爷
牒	牒
猷	猷
獅	狮
猿	猿
猾	猾
瑯	琅
瑚	瑚
瑕	瑕
瑟	瑟
瑞	瑞
瑁	瑁
琿	珲
瑙	瑙
瑛	瑛
瑜	瑜
當	当
畸	畸
瘀	瘀
痰	痰
瘁	瘁
痲	痲
痱	痱
痺	痹
痿	痿
痴	痴
盞	盏
盟	盟
睛	睛
睫	睫
睦	睦
睞	睐
督	督
睹	睹
睪	睪
睬	睬
睜	睁
睥	睥
睨	睨
矮	矮
碎	碎
碰	碰
碗	碗
碘	碘
碌	碌
碉	碉
硼	硼
碑	碑
祺	祺
祿	禄
禁	禁
萬	万
禽	禽
稜	棱
稚	稚
稠	稠
稔	稔
稟	禀
窟	窟
窠	窠
筷	筷
節	节
筠	筠
粱	粱
粳	粳
粵	粤
經	经
絹	绢
綑	捆
綁	绑
綏	绥
置	置
罩	罩
罪	罪
署	署
義	义
羨	羡
群	群
聖	圣
聘	聘
肆	肆
肄	肄
腱	腱
腰	腰
腸	肠
腥	腥
腮	腮
腳	脚
腫	肿
腹	腹
腺	腺
腦	脑
舅	舅
艇	艇
蒂	蒂
葷	荤
落	落
萱	萱
葵	葵
葦	苇
葫	葫
葉	叶
葬	葬
葛	葛
萼	萼
萵	莴
葡	葡
董	董
葩	葩
虜	虏
虞	虞
號	号
蛹	蛹
蜓	蜓
蜈	蜈
蜇	蜇
蜀	蜀
蛾	蛾
蛻	蜕
蜂	蜂
蜃	蜃
衙	衙
裟	裟
裔	裔
裙	裙
補	补
裘	裘
裝	装
裡	里
裊	袅
裕	裕
解	解
詫	诧
該	该
詳	详
試	试
詩	诗
詰	诘
誇	夸
詼	诙
詣	诣
誠	诚
話	话
誅	诛
詭	诡
詢	询
詮	诠
詬	诟
詹	詹
豢	豢
貊	貊
貉	貉
賊	贼
資	资
賈	贾
賄	贿
貲	赀
賃	赁
賂	赂
賅	赅
跡	迹
跟	跟
跨	跨
路	路
跳	跳
跺	跺
跪	跪
躲	躲
較	较
載	载
軾	轼
輊	轾
辟	辟
農	农
運	运
遊	游
道	道
遂	遂
達	达
逼	逼
違	违
遐	遐
遇	遇
遏	遏
過	过
遍	遍
遑	遑
逾	逾
遁	遁
鄒	邹
酬	酬
酪	酪
酩	酩
釉	釉
鈷	钴
鉗	钳
鈸	钹
鈽	钚
鉀	钾
鈾	铀
鉛	铅
鉋	刨
鉤	钩
鉑	铂
鈴	铃
閘	闸
隘	隘
隔	隔
隕	陨
雍	雍
雉	雉
雷	雷
電	电
雹	雹
零	零
靖	靖
靴	靴
靶	靶
預	预
頑	顽
頓	顿
頊	顼
頒	颁
頌	颂
飼	饲
飴	饴
飽	饱
飾	饰
馳	驰
馱	驮
馴	驯
鳩	鸠
麂	麂
鼎	鼎
鼓	鼓
鼠	鼠
僧	僧
僮	僮
僥	侥
僖	僖
僭	僭
僚	僚
僕	仆
像	像
僑	侨
僱	雇
兢	兢
凳	凳
劃	划
匱	匮
厭	厌
嗾	嗾
嘀	嘀
嘛	嘛
嘗	尝
嗽	嗽
嘔	呕
嘆	叹
嘉	嘉
嘍	喽
嘎	嘎
嗷	嗷
嘖	啧
嘟	嘟
嘈	嘈
團	团
圖	图
塵	尘
塾	塾
境	境
墓	墓
墊	垫
塹	堑
墅	墅
壽	寿
夥	伙
夢	梦
夤	夤
奪	夺
奩	奁
嫡	嫡
嫦	嫦
嫩	嫩
嫗	妪
嫖	嫖
嫘	嫘
嫣	嫣
孵	孵
寞	寞
寧	宁
寡	寡
寥	寥
實	实
寨	寨
寢	寝
寤	寤
察	察
對	对
屢	屡
嶄	崭
嶇	岖
幛	幛
幣	币
幕	幕
幗	帼
幔	幔
廓	廓
廖	廖
弊	弊
彆	别
彰	彰
徹	彻
慇	殷
愿	愿
態	态
慷	慷
慢	慢
慣	惯
慟	恸
慚	惭
慘	惨
截	截
撇	撇
摘	摘
摔	摔
撤	撤
摸	摸
摟	搂
摺	折
摑	掴
摧	摧
敲	敲
斡	斡
旗	旗
旖	旖
暢	畅
暨	暨
榜	榜
榨	榨
榕	榕
槁	槁
榮	荣
槓	杠
構	构
榛	榛
榷	榷
榻	榻
榫	榫
榴	榴
槐	槐
槍	枪
榭	榭
槌	槌
歉	歉
歌	歌
氳	氲
漳	漳
演	演
滾	滚
漓	漓
滴	滴
漩	漩
漾	漾
漠	漠
漬	渍
漏	漏
漂	漂
漢	汉
滿	满
滯	滞
漆	漆
漱	漱
漸	渐
漲	涨
漣	涟
漕	漕
漫	漫
漯	漯
澈	澈
漪	漪
滬	沪
漁	渔
滲	渗
滌	涤
熔	熔
熙	熙
煽	煽
熊	熊
熄	熄
爾	尔
犒	犒
犖	荦
獄	狱
獐	獐
瑤	瑶
瑣	琐
瑪	玛
瑰	瑰
甄	甄
疑	疑
瘧	疟
瘍	疡
瘋	疯
瘉	愈
瘓	痪
盡	尽
監	监
瞄	瞄
睽	睽
睿	睿
睡	睡
磁	磁
碟	碟
碧	碧
碳	碳
碩	硕
禎	祯
福	福
禍	祸
種	种
稱	称
窪	洼
窩	窝
竭	竭
端	端
管	管
箕	箕
箋	笺
筵	筵
算	算
箝	箝
箔	箔
箏	筝
粹	粹
粽	粽
精	精
綻	绽
綰	绾
綜	综
綽	绰
綾	绫
綠	绿
緊	紧
綴	缀
網	网
綱	纲
綺	绮
綢	绸
綿	绵
綵	彩
綸	纶
維	维
緒	绪
緇	缁
罰	罚
翠	翠
翡	翡
翟	翟
聞	闻
聚	聚
肇	肇
腐	腐
膀	膀
膏	膏
膈	膈
膊	膊
腿	腿
臧	臧
臺	台
與	与
舔	舔
舞	舞
蓉	蓉
蒿	蒿
蓆	席
蓄	蓄
蒙	蒙
蒞	莅
蒲	蒲
蒜	蒜
蓋	盖
蒸	蒸
蓀	荪
蓓	蓓
蒐	搜
蒼	苍
蜿	蜿
蜜	蜜
蜻	蜻
蜢	蜢
蜥	蜥
蜴	蜴
蜘	蜘
蝕	蚀
裳	裳
褂	褂
裴	裴
裹	裹
裸	裸
製	制
裨	裨
褚	褚
誦	诵
誌	志
語	语
誣	诬
認	认
誡	诫
誓	誓
誤	误
說	说
誥	诰
誨	诲
誘	诱
誑	诳
豪	豪
貍	狸
貌	貌
賓	宾
賑	赈
賒	赊
赫	赫
趙	赵
趕	赶
跼	局
輔	辅
輒	辄
輕	轻
輓	挽
辣	辣
遠	远
遘	遘
遜	逊
遣	遣
遙	遥
遞	递
鄙	鄙
酵	酵
酸	酸
酷	酷
鉸	铰
銬	铐
銀	银
銅	铜
銘	铭
銖	铢
鉻	铬
銓	铨
銜	衔
閡	阂
閨	闺
閩	闽
閣	阁
閥	阀
閤	合
隙	隙
障	障
際	际
雌	雌
需	需
靼	靼
鞅	鞅
韶	韶
頗	颇
領	领
颯	飒
颱	台
餃	饺
餅	饼
餌	饵
餉	饷
駁	驳
骯	肮
骰	骰
髦	髦
魁	魁
魂	魂
鳴	鸣
鳶	鸢
鳳	凤
麼	么
鼻	鼻
齊	齐
億	亿
儀	仪
僻	僻
僵	僵
價	价
儂	侬
儈	侩
儉	俭
凜	凛
劇	剧
劈	劈
劉	刘
劍	剑
厲	厉
嘮	唠
嘻	嘻
嘹	嘹
嘲	嘲
嘿	嘿
嘩	哗
噓	嘘
噎	噎
噗	噗
噴	喷
嘶	嘶
嘯	啸
嘰	叽
墀	墀
墟	墟
增	增
墳	坟
墜	坠
墮	堕
嬉	嬉
嫻	娴
嬋	婵
嫵	妩
嬌	娇
寮	寮
寬	宽
審	审
寫	写
層	层
履	履
嶝	嶝
幢	幢
幟	帜
廢	废
廚	厨
廟	庙
廝	厮
廣	广
廠	厂
彈	弹
影	影
德	德
徵	征
慶	庆
慧	慧
慮	虑
慝	慝
慕	慕
憂	忧
慼	戚
慰	慰
慫	怂
慾	欲
憧	憧
憐	怜
憫	悯
憎	憎
憬	憬
憚	惮
憤	愤
憔	憔
戮	戮
摩	摩
摯	挚
摹	摹
撞	撞
撲	扑
撈	捞
撐	撑
撰	撰
撥	拨
撓	挠
撕	撕
撩	撩
撒	撒
撮	撮
播	播
撫	抚
撚	捻
撬	撬
敵	敌
敷	敷
數	数
暮	暮
暫	暂
暴	暴
樣	样
樟	樟
槨	椁
樁	桩
樞	枢
標	标
槽	槽
模	模
樓	楼
樊	樊
槳	桨
樂	乐
樅	枞
歐	欧
殤	殇
毅	毅
毆	殴
漿	浆
潼	潼
澄	澄
潑	泼
潦	潦
潔	洁
澆	浇
潭	潭
潛	潜
潸	潸
潮	潮
澎	澎
潺	潺
潰	溃
潤	润
澗	涧
潘	潘
熟	熟
熬	熬
熱	热
熨	熨
牖	牖
犛	牦
獎	奖
獗	獗
瑩	莹
璋	璋
璃	璃
瘠	瘠
瘩	瘩
瘟	瘟
瘤	瘤
瘦	瘦
瘡	疮
皚	皑
皺	皱
盤	盘
瞎	瞎
瞇	眯
瞌	瞌
瞑	瞑
磋	磋
磅	磅
確	确
磊	磊
碾	碾
磕	磕
碼	码
磐	磐
稿	稿
稼	稼
穀	谷
稽	稽
稷	稷
稻	稻
窯	窑
窮	穷
箭	箭
箱	箱
範	范
箴	箴
篆	篆
篇	篇
篁	篁
糊	糊
締	缔
練	练
緯	纬
緻	致
緘	缄
緬	缅
緝	缉
編	编
緣	缘
線	线
緞	缎
緩	缓
綞	缍
罵	骂
罷	罢
羯	羯
翩	翩
膛	膛
膜	膜
膝	膝
膠	胶
膚	肤
蔗	蔗
蔽	蔽
蔚	蔚
蓮	莲
蔬	蔬
蔭	荫
蔓	蔓
蔑	蔑
蔣	蒋
蔡	蔡
蔔	卜
蓬	蓬
蔥	葱
蓿	蓿
螂	螂
蝴	蝴
蝶	蝶
蝠	蝠
蝦	虾
蝸	蜗
蝨	虱
蝙	蝙
蝗	蝗
蝌	蝌
衛	卫
衝	冲
褐	褐
複	复
褒	褒
褓	褓
誼	谊
諒	谅
談	谈
諄	谆
誕	诞
請	请
諸	诸
課	课
諉	诿
諂	谄
調	调
誰	谁
論	论
諍	诤
豌	豌
豎	竖
豬	猪
賠	赔
賞	赏
賦	赋
賤	贱
賬	账
賭	赌
賢	贤
賣	卖
賜	赐
質	质
赭	赭
趟	趟
趣	趣
踫	碰
踐	践
踝	踝
踢	踢
踏	踏
踩	踩
踟	踟
躺	躺
輝	辉
輛	辆
輟	辍
輩	辈
輦	辇
輪	轮
輜	辎
適	适
遮	遮
遨	遨
遭	遭
遷	迁
鄰	邻
鄭	郑
鄧	邓
鄱	鄱
醇	醇
醉	醉
醋	醋
醃	腌
鋅	锌
銻	锑
銷	销
鋪	铺
鋤	锄
鋁	铝
銳	锐
銼	锉
鋒	锋
閭	闾
閱	阅
霄	霄
霆	霆
震	震
霉	霉
靠	靠
鞍	鞍
鞋	鞋
鞏	巩
頡	颉
颳	刮
養	养
餓	饿
餒	馁
餘	余
駝	驼
駐	驻
駟	驷
駛	驶
駑	驽
駕	驾
駒	驹
駙	驸
骷	骷
髮	发
髯	髯
鬧	闹
魅	魅
魄	魄
魷	鱿
魯	鲁
鴆	鸩
鴉	鸦
麩	麸
麾	麾
黎	黎
墨	墨
齒	齿
儒	儒
儘	尽
儔	俦
儐	傧
冀	冀
凝	凝
劑	剂
噙	噙
噫	噫
噹	当
噩	噩
噤	噤
噸	吨
嘴	嘴
噪	噪
器	器
噥	哝
噱	噱
噯	嗳
噬	噬
噢	噢
壁	壁
墾	垦
壇	坛
壅	壅
奮	奋
嬝	袅
嬴	嬴
學	学
導	导
憲	宪
憑	凭
憩	憩
憊	惫
懍	懔
憶	忆
憾	憾
懂	懂
懊	懊
懈	懈
戰	战
擅	擅
擁	拥
擋	挡
撻	挞
撼	撼
據	据
擄	掳
擇	择
擂	擂
操	操
撿	捡
擒	擒
擔	担
整	整
曆	历
曉	晓
暹	暹
樽	樽
樸	朴
樺	桦
橙	橙
橫	横
橘	橘
樹	树
橄	橄
橢	椭
橡	橡
橋	桥
橇	橇
樵	樵
機	机
歙	歙
歷	历
濂	濂
澱	淀
澡	澡
濃	浓
澤	泽
濁	浊
澧	澧
澳	澳
激	激
澹	澹
熾	炽
燉	炖
燐	磷
燒	烧
燈	灯
燕	燕
熹	熹
燎	燎
燙	烫
燜	焖
燃	燃
燄	焰
獨	独
璜	璜
璣	玑
瓢	瓢
甌	瓯
瘴	瘴
瘸	瘸
盧	卢
盥	盥
瞠	瞠
瞞	瞒
瞟	瞟
瞥	瞥
磨	磨
磚	砖
磬	磬
禦	御
積	积
穎	颖
穆	穆
穌	稣
窺	窥
篙	篙
簑	蓑
築	筑
篤	笃
篛	箬
篡	篡
篩	筛
糕	糕
糖	糖
縊	缢
縑	缣
縈	萦
縛	缚
縣	县
罹	罹
羲	羲
翰	翰
翱	翱
膳	膳
膩	腻
膨	膨
臻	臻
興	兴
艘	艘
艙	舱
蕊	蕊
蕙	蕙
蕈	蕈
蕨	蕨
蕩	荡
蕃	蕃
蕉	蕉
蕭	萧
蕪	芜
螃	螃
螟	螟
螞	蚂
螢	萤
融	融
衡	衡
褪	褪
褲	裤
褥	褥
褫	褫
親	亲
覦	觎
諦	谛
諺	谚
諫	谏
諱	讳
謀	谋
諜	谍
諧	谐
諮	谘
諾	诺
謁	谒
謂	谓
諷	讽
諭	谕
豫	豫
貓	猫
賴	赖
蹄	蹄
踱	踱
踴	踊
蹂	蹂
踹	踹
踵	踵
輻	辐
輯	辑
輸	输
辨	辨
辦	办
遵	遵
遴	遴
選	选
遲	迟
遼	辽
遺	遗
醒	醒
錠	锭
錶	表
鋸	锯
錳	锰
錯	错
錢	钱
鋼	钢
錫	锡
錄	录
錚	铮
錐	锥
錦	锦
閻	阎
隧	隧
隨	随
險	险
雕	雕
霎	霎
霑	沾
霖	霖
霍	霍
霓	霓
霏	霏
靛	靛
靜	静
靦	䩄
鞘	鞘
頰	颊
頸	颈
頻	频
頷	颔
頭	头
頹	颓
頤	颐
餐	餐
館	馆
餞	饯
餛	馄
餡	馅
駭	骇
駢	骈
駱	骆
骸	骸
骼	骼
髻	髻
髭	髭
鬨	哄
鮑	鲍
鴕	鸵
鴣	鸪
鴦	鸯
鴨	鸭
鴒	鸰
鴛	鸳
默	默
黔	黔
龍	龙
龜	龟
優	优
償	偿
儡	儡
儲	储
勵	励
嚎	嚎
嚀	咛
嚐	尝
嚅	嚅
嚇	吓
嚏	嚏
壕	壕
壓	压
壑	壑
嬰	婴
嬪	嫔
嬤	嬷
孺	孺
尷	尴
嶼	屿
嶺	岭
嶽	岳
幫	帮
彌	弥
徽	徽
應	应
懇	恳
懦	懦
戲	戏
戴	戴
擎	擎
擊	击
擘	擘
擠	挤
擰	拧
擦	擦
擬	拟
擱	搁
斂	敛
斃	毙
曙	曙
曖	暧
檀	檀
檔	档
檄	檄
檢	检
檜	桧
櫛	栉
殮	殓
濘	泞
濱	滨
濟	济
濠	濠
濛	蒙
濤	涛
濫	滥
濯	濯
澀	涩
濬	浚
濡	濡
燧	燧
營	营
燮	燮
燦	灿
燥	燥
燭	烛
燬	毁
燴	烩
爵	爵
牆	墙
獰	狞
獲	获
璩	璩
環	环
璦	瑷
癆	痨
療	疗
癌	癌
盪	荡
瞳	瞳
瞪	瞪
瞰	瞰
瞬	瞬
瞧	瞧
瞭	了
矯	矫
磷	磷
磺	磺
磴	磴
磯	矶
礁	礁
禧	禧
禪	禅
穗	穗
簇	簇
簍	篓
篾	篾
篷	篷
糠	糠
糜	糜
糞	粪
糢	糢
糟	糟
糙	糙
縮	缩
績	绩
繆	缪
縷	缕
縲	缧
繃	绷
縫	缝
總	总
縱	纵
繅	缫
繁	繁
罄	罄
翳	翳
翼	翼
聱	聱
聲	声
聰	聪
聯	联
聳	耸
臆	臆
臃	臃
膺	膺
臂	臂
臀	臀
膿	脓
膽	胆
臉	脸
膾	脍
臨	临
舉	举
艱	艰
薪	薪
薄	薄
蕾	蕾
薜	薜
薑	姜
薔	蔷
薯	薯
薛	薛
薇	薇
虧	亏
蟀	蟀
蟑	蟑
螳	螳
蟒	蟒
蟆	蟆
螫	螫
螻	蝼
螺	螺
蟈	蝈
蟋	蟋
褻	亵
褶	褶
襄	襄
褸	褛
覬	觊
謎	谜
謗	谤
謙	谦
講	讲
謊	谎
謠	谣
謝	谢
謄	誊
豁	豁
谿	溪
賺	赚
賽	赛
購	购
趨	趋
蹉	蹉
蹋	蹋
蹈	蹈
蹊	蹊
轄	辖
輾	辗
轂	)
轅	辕
輿	舆
避	避
遽	遽
還	还
邁	迈
邂	邂
邀	邀
鄹	鄹
醣	醣
醞	酝
醜	丑
鍍	镀
鎂	镁
錨	锚
鍵	键
鍊	炼
鍥	锲
鍋	锅
錘	锤
鍾	钟
鍬	锹
鍛	锻
鍰	锾
闊	阔
闋	阕
闌	阑
闈	闱
闆	板
隱	隐
隸	隶
雖	虽
霜	霜
霞	霞
鞠	鞠
韓	韩
顆	颗
颶	飓
餵	喂
騁	骋
駿	骏
鮮	鲜
鮫	鲛
鮪	鲔
鴻	鸿
鴿	鸽
麋	麋
黏	黏
點	点
黜	黜
黝	黝
黛	黛
鼾	鼾
齋	斋
叢	丛
嚕	噜
嚮	向
壙	圹
壘	垒
嬸	婶
彝	彝
懣	懑
戳	戳
擴	扩
擲	掷
擾	扰
攆	撵
擺	摆
擻	擞
斷	断
朦	朦
檳	槟
檬	檬
櫃	柜
檻	槛
檸	柠
櫂	棹
歟	欤
歸	归
殯	殡
瀉	泻
瀋	沈
濾	滤
瀆	渎
濺	溅
瀑	瀑
瀏	浏
燻	熏
獷	犷
獵	猎
璧	璧
甕	瓮
癖	癖
癘	疠
癒	愈
瞽	瞽
瞿	瞿
瞻	瞻
礎	础
禮	礼
穡	穑
穢	秽
竄	窜
竅	窍
簫	箫
簧	簧
簪	簪
簞	箪
簣	篑
簡	简
糧	粮
織	织
繕	缮
繞	绕
繚	缭
繡	绣
罈	坛
翹	翘
翻	翻
職	职
聶	聂
臍	脐
臏	膑
舊	旧
藏	藏
薩	萨
藍	蓝
藐	藐
藉	借
薰	薰
蟯	蛲
蟬	蝉
蟲	虫
覆	覆
覲	觐
觴	觞
謨	谟
謹	谨
謬	谬
豐	丰
贅	赘
蹙	蹙
蹣	蹒
蹦	蹦
蹤	踪
軀	躯
轉	转
轍	辙
邇	迩
醫	医
醬	酱
釐	厘
鎔	镕
鎊	镑
鎖	锁
鎢	钨
鎳	镍
鎮	镇
闔	阖
闖	闯
闐	阗
雜	杂
雙	双
雛	雏
雞	鸡
鞣	鞣
鞦	秋
鞭	鞭
額	额
顏	颜
題	题
顎	颚
顓	颛
颺	飏
餾	馏
餿	馊
餽	馈
馥	馥
騎	骑
鬃	鬃
鬆	松
魏	魏
鯊	鲨
鯉	鲤
鯽	鲫
鵑	鹃
鵝	鹅
鵠	鹄
黠	黠
鼕	冬
鼬	鼬
嚥	咽
嚨	咙
壞	坏
壟	垄
壢	坜
寵	宠
龐	庞
廬	庐
懲	惩
懷	怀
懶	懒
懵	懵
攀	攀
攏	拢
曠	旷
曝	曝
櫥	橱
櫝	椟
櫚	榈
櫓	橹
瀛	瀛
瀟	潇
瀨	濑
瀚	瀚
瀝	沥
瀕	濒
爆	爆
爍	烁
牘	牍
犢	犊
獸	兽
獺	獭
璽	玺
瓊	琼
瓣	瓣
疇	畴
疆	疆
矇	蒙
礙	碍
禱	祷
穫	获
穩	稳
簾	帘
簿	簿
簸	簸
簽	签
簷	檐
繫	系
繭	茧
繹	绎
繩	绳
繪	绘
羅	罗
羶	膻
羹	羹
羸	羸
臘	腊
藩	藩
藝	艺
藪	薮
藕	藕
藤	藤
藥	药
蟻	蚁
蠅	蝇
蠍	蝎
蟹	蟹
襠	裆
襟	襟
襖	袄
譁	哗
譜	谱
識	识
證	证
譚	谭
譎	谲
譏	讥
贈	赠
贊	赞
蹼	蹼
蹲	蹲
躇	躇
蹶	蹶
蹬	蹬
蹺	跷
轔	辚
轎	轿
辭	辞
邊	边
鏡	镜
鏑	镝
鏟	铲
鏃	镞
鏈	链
鏜	镗
鏝	镘
鏖	鏖
鏢	镖
鏍	镙
鏘	锵
鏤	镂
鏗	铿
關	关
隴	陇
離	离
難	难
霪	霪
霧	雾
靡	靡
韜	韬
韻	韵
類	类
願	愿
顛	颠
颼	飕
饅	馒
騖	骛
騙	骗
鬍	胡
鯨	鲸
鯧	鲳
鶉	鹑
鵡	鹉
鵲	鹊
鵪	鹌
鵬	鹏
麒	麒
麗	丽
麓	麓
麴	麹
勸	劝
嚷	嚷
嚶	嘤
嚴	严
嚼	嚼
壤	壤
孀	孀
孽	孽
寶	宝
懸	悬
懺	忏
攘	攘
攔	拦
攙	搀
曦	曦
朧	胧
瀾	澜
瀰	弥
爐	炉
犧	牺
獻	献
瓏	珑
癢	痒
癥	症
礦	矿
礪	砺
礬	矾
礫	砾
竇	窦
競	竞
籌	筹
籃	篮
籍	籍
糯	糯
辮	辫
繽	缤
繼	继
纂	纂
耀	耀
臚	胪
艦	舰
藻	藻
藹	蔼
蘑	蘑
藺	蔺
蘆	芦
蘋	)
蘇	苏
蘊	蕴
蠔	蚝
蠕	蠕
襤	褴
覺	觉
觸	触
議	议
譬	譬
警	警
譯	译
贏	赢
贍	赡
躉	趸
躁	躁
躅	躅
躂	跶
釋	释
鐘	钟
鐃	铙
鏽	锈
闡	阐
飄	飘
饒	饶
饑	饥
馨	馨
騫	骞
騰	腾
騷	骚
鰓	鳃
鰍	鳅
鹹	咸
麵	面
黨	党
齟	龃
齣	出
齡	龄
儷	俪
囁	嗫
囀	啭
囂	嚣
夔	夔
屬	属
巍	巍
懼	惧
懾	慑
攝	摄
攜	携
櫻	樱
欄	栏
殲	歼
灌	灌
爛	烂
癩	癞
矓	眬
籐	藤
纏	缠
續	续
蘗	蘗
蘭	兰
蘚	藓
蠣	蛎
蠢	蠢
蠡	蠡
蠟	蜡
襪	袜
覽	览
譴	谴
護	护
譽	誉
贓	赃
躊	踌
躍	跃
轟	轰
辯	辩
醺	醺
鐮	镰
鐳	镭
鐵	铁
鐺	铛
鐸	铎
鐲	镯
闢	辟
霸	霸
霹	霹
露	露
響	响
顧	顾
驅	驱
驃	骠
驀	蓦
騾	骡
髏	髅
魔	魔
鰭	鳍
鰥	鳏
鶯	莺
鶴	鹤
鷂	鹞
麝	麝
黯	黯
鼙	鼙
齜	龇
齦	龈
儼	俨
囈	呓
囊	囊
囉	啰
孿	孪
巔	巅
巒	峦
彎	弯
懿	懿
攤	摊
權	权
歡	欢
灑	洒
灘	滩
玀	猡
疊	叠
癮	瘾
癬	癣
籠	笼
籟	籁
聾	聋
聽	听
臟	脏
襲	袭
襯	衬
讀	读
贖	赎
贗	赝
躑	踯
轡	辔
鑄	铸
鑑	鉴
鑒	鉴
霽	霁
霾	霾
韃	鞑
韁	缰
顫	颤
驕	骄
鬚	须
鱉	鳖
鰱	鲢
鰾	鳔
鰻	鳗
鷓	鹧
鷗	鸥
鼴	鼹
齬	龉
齪	龊
龔	龚
囌	苏
巖	岩
戀	恋
攣	挛
攫	攫
攪	搅
竊	窃
籤	签
纓	缨
纖	纤
蘸	蘸
蘿	萝
蠱	蛊
變	变
邐	逦
邏	逻
鑣	镳
鑠	铄
靨	靥
顯	显
饜	餍
驚	惊
驛	驿
驗	验
髒	脏
髓	髓
體	体
鱔	鳝
鱗	鳞
鱖	鳜
鷥	鸶
麟	麟
黴	霉
囑	嘱
壩	坝
攬	揽
癱	瘫
癲	癫
矗	矗
罐	罐
羈	羁
蠶	蚕
蠹	蠹
衢	衢
讓	让
讒	谗
讖	谶
贛	赣
釀	酿
靂	雳
靈	灵
靄	霭
韆	千
顰	颦
驟	骤
鬢	鬓
魘	魇
鷹	鹰
鷺	鹭
鹼	硷
鹽	盐
鼇	鳌
齷	龌
齲	龋
廳	厅
欖	榄
灣	湾
籬	篱
籮	箩
蠻	蛮
觀	观
躡	蹑
釁	衅
鑲	镶
鑰	钥
顱	颅
饞	馋
灤	滦
矚	瞩
讚	赞
驢	驴
驥	骥
纜	缆
躪	躏
鑽	钻
鑾	銮
鑼	锣
鱷	鳄
鱸	鲈
黷	黩
豔	艳
鑿	凿
鸚	鹦
爨	爨
驪	骊
鬱	郁
鸞	鸾
籲	吁
