7人座	七人车
99歲壽辰	白寿
一筆勾銷	一风吹
一般生活垃圾	生活垃圾
一軸四館	一轴四馆
一鍵式	一键式
一體式	一体式
七人座	七人车
七彩霓虹燈	芭蕾灯
三不五時	时常
三元大帝	三官大帝
三元大帝	三官帝君
三原色	三基色
三合一咖啡	一加二咖啡
三合院	庄稼院
三唑侖	三唑仑
三唑侖	海乐神
三唑侖	酣乐欣
三夾板	三合板
三官大帝	三元大帝
三官大帝	三官帝君
三官帝君	三元大帝
三官帝君	三官大帝
三層肉	五花肉
三溫暖	桑拿
三溫暖	桑拿浴
三溫暖	芬兰浴
三溫暖	萨乌拉浴
三界公	三元大帝
三界公	三官大帝
三界公	三官帝君
三界爺	三元大帝
三界爺	三官大帝
三界爺	三官帝君
三緘其口	三缄口
三角皮帶	三角带
三貼	摩托车载三人
三酸甘油酯	甘油三酯
三酸甘油酯	甘油三酸酯
上一號	小便
上一號	小解
上一號	小遗
上一號	解小手
上大號	大便
上大號	大解
上大號	解大手
上小號	小便
上小號	小解
上小號	小遗
上小號	解小手
上排行榜	打榜
上樑	封顶
上空	裸露上半身
上線	上线
上訴	上诉
下修	学分不够
下半旗	降半旗
下台	歇菜
下拉式螢幕	滚屏
下線	下线
下線	下网
下線	离线
下線	脱机
下衣	下装
下課	下课
不上班	歇班
不付諸行動	不动窝
不倒翁	扳不倒儿
不列顛國協	英联邦
不及格	挂科
不合法手段	野路子
不夠用	打不住
不好銷售	冷销
不實廣告	虚假广告
不斷電系統	不间断电源
不明飛行物	不明飞行物
不明飛行物	飞碟
不正規途徑	野路子
不求人	腰杆粗
不沾鍋	不沾锅
不沾鍋	不粘锅
不法所得	黑色收入
不織布	不织布
不織布	无纺织布
不織布	非织造布
不雅照案	艳照案
不雅照案	艳照门
不雅照案	裸照案
不願奉陪	欠奉
世大運	世界大学生运动会
世大運	大运会
世界大學運動會	世界大学生运动会
世界大學運動會	大运会
世界展望會	世界宣明会
丘陵	脑包
中古屋	二手房
中古屋	二手楼
中古車	二手车
中國中央電視台	中国中央电视台
中國中央電視台	中央电视台
中國中央電視台	央视
中國南極長城站	中国南极长城站
中國南極長城站	长城站
中埋伏	钻口袋
中央電視台	中国中央电视台
中央電視台	中央电视台
中央電視台	央视
中學	中学
中文化	汉化
中華小姐	中华小姐
中華小姐	华姐
中轉	中转
中途之家	收容所
中途輟學	废学
串氣	小肠串气
串氣	疝气
串流媒體	串流媒体
串流媒體	流媒体
串門子	串岗
主夫	家庭主夫
主夫	家庭妇男
主夫	家庭煮夫
主裁判	主裁
主記憶體	主存储器
主記憶體	内存
主記憶體	内存储器
乒乓	乒乓球
乘務	乘务
乘務員	乘务员
乙太網路	以太网
乳液	乳浊液
乳液	乳状液
乳牛	奶牛
乳突狀瘤病毒	乳头状瘤病毒
乳罩	奶罩
乳罩	文胸
乳罩	胸罩
乳羊	奶羊
乳膠	乳胶
乳膠	橡浆
乳膠	胶乳
乳酪	吉士
乳酪	奶酪
乳酪	芝士
乳酪	起司
乳酪	起士
乳頭凹陷	瞎奶
乾燥花	干花
亂視	散光
事務機	打印机
事故責任	责任事故
二傳手	二传手
二傳手	托手
二廚	二把刀
二形人	两性人
二形人	二性子
二形人	阴阳人
二手屋	二手房
二手屋	二手楼
二手房	二手楼
二拇指	二拇指头
二拇指	示指
二拇指頭	二拇指
二拇指頭	二拇指头
二拇指頭	示指
二次汙染	二次污染
二次汙染	次生污染
二氧化矽	二氧化硅
二氧化碳雷射	二氧化碳激光
二氧化碳雷射儀	二氧化碳激光器
二硫化物	二硫化合物
二維條碼	二维条形码
二維條碼	二维条码
二維條碼	二维码
二踢腳	两响
二踢腳	二踢脚
二踢腳	双响
二軍	副选队
二輪片	二轮片
二輪片	二轮电影
二輪片	复映片
二輪電影	二轮片
二輪電影	二轮电影
二輪電影	复映片
二進位元	二进制数字
二進位元	比特
二進制位元	二进制数字
二進制位元	比特
二進制數字	二进制数字
二進制數字	比特
互助會	互助会
互動式媒體	交互式媒体
互動式電視	交互式电视
互感應	互感
互感應	互感应
互相勾結	穿连裆裤
互相包庇	穿连裆裤
互相追蹤	互粉
互相選修	互选
互選	互选
五四三	杂七杂八
五花肉	囊揣
五花肉	囊膪
井式基礎	沉井
亞佛加厥定律	阿伏加德罗定律
亞佛加厥數	阿伏伽德罗数
亞克力	压克力
亞克力	有机玻璃
亞克力纖維	腈纶
亞投行	亚投行
亞洲基礎設施投資銀行	亚投行
亞洲開發銀行	亚洲开发银行
亞洲開發銀行	亚行
亞銀	亚洲开发银行
亞銀	亚行
交流道	匝道
交流道	立交
交流電	交电
交班	轮岗
交界	搭界
交警	交通警
交警	交通警察
交通事故	路难
交通法規	交规
交通法規	交通法规
交通管制	排堵保畅
交通義警	交通义警
交通警察	交警
交通警察	交通警
交通車	交通车
交通車	班车
享受特殊待遇	吃偏食
享受特殊待遇	吃偏饭
享受特殊待遇	吃小灶
亮粉	闪粉
人力派遣	劳务派遣
人力銀行	人才中心
人工智慧	人工智能
人工流產	人工流产
人工流產	人流
人工流產	堕胎
人工流產	打胎
人情禮數	人情消费
人肉盾牌	人体盾牌
人造奶油	人造黄油
人造奶油	珠酯
人造皮	人造革
人頭	人头
人類免疫不全病毒	人类免疫缺陷病毒
人類免疫不全病毒	艾滋病毒
人類免疫不全症病毒	人类免疫缺陷病毒
人類免疫不全症病毒	艾滋病毒
人類免疫缺乏病毒	人类免疫缺陷病毒
人類免疫缺乏病毒	艾滋病毒
人類免疫缺失症病毒	人类免疫缺陷病毒
人類免疫缺失症病毒	艾滋病毒
人類基因體計畫	人类基因组计划
介系詞	介词
介系詞	前置词
介詞	介词
介詞	前置词
介面	界面
代工	代加工
代工	贴牌
代替耕種	代耕
代溝	代差
代溝	代沟
代班	替班
代班	顶岗
代班	顶班
代理伺服器	代理服务器
代理孕母	代孕母亲
代理孕母	代母
代表性建築	标志性建筑
代表菜	特菜
以人為本	以人为本
以太網	以太网
仲介	中介
仲介	拼缝
仲介費	中介费
仿木地板	地板革
企圖蒙混過關	捣糨糊
企圖蒙混過關	掏浆糊
企圖蒙混過關	淘糨糊
伊妹兒	伊妹儿
伊妹兒	电子函件
伊妹兒	电子邮件
伊妹兒	电邮
伊媚兒	伊妹儿
伊媚兒	电子函件
伊媚兒	电子邮件
伊媚兒	电邮
伊眉兒	伊妹儿
伊眉兒	电子函件
伊眉兒	电子邮件
伊眉兒	电邮
伏地挺身	俯卧撑
休學	休学
休學	停学
休息區	休闲带
休息整頓	休整
休息站	劝睡区
休息站	服务区
伙食費	菜金
伴音	伴声
伴音	配音
伺服器	服务器
伺機報復	穿小鞋
伽馬射線	丙种射线
伽馬射線	伽马射线
位元	二进制数字
位元	比特
位元每秒	每秒传送位数
位元每秒	比特每秒
位元每秒	比特秒
位元組	字节
低層住宅	低层住宅
低級錯誤	昏招
低速檔	低挡
低鈉鹽	代用盐
低鈉鹽	低钠盐
低階語言	低级语言
住商兩用	商住楼
住商混和	商住楼
住宅補貼	房补
住宅補貼	房贴
住家	住家儿
住校生	住读生
佐料	辅料
作媒	保媒
作媒	做媒
作家	拿笔杆儿的
使用者介面	用户界面
來回票	往返票
來回票	来回票
來復槍	来复枪
來福槍	来复枪
來電答鈴	彩铃
便所	卫生间
便所	厕所
便所	洗手间
便服	街坊装
便當	盒饭
便衣	街坊装
便裝	街坊装
便車	蹭车
便道	辅道
保久乳	液态奶
保全	保安
保全	保安员
保全員	保安
保全員	保安员
保固	保修
保固期	保修期
保姆	保育员
保存期限	保质期
保本	保底
保母	保姆
保溫杯	保暖杯
保溫杯	保温杯
保育員	保育员
保育院	孤儿院
保證價格	保护价
保麗龍	保丽龙
保麗龍	泡沫塑料
保齡球	保龄球
保齡球	地滚球
信任度	信誉度
信封	信皮
信用卡	欠账卡
信用卡	贷记卡
信用合作社	信用社
信用狀	信用证
信用評比	信誉度
信賴度	信誉度
修正液	涂改液
俯臥撐	俯卧撑
倉儲批發店	霸级市场
個人數位助理	个人数字助理
個人數位助理	掌上型电脑
個人數位助理	掌上电脑
個人記帳	豆腐账
個人貸款	个贷
個人電腦	个人电脑
個人電腦	个人计算器
倒敘	倒叙
倒敘	倒插笔
倒敘	逆叙
倒數	倒读数
倒數計時	倒计时
倒閉	倒灶
倔強	特牛
候機室	候机室
倫琴射線	伦琴射线
倫琴射線	爱克斯光
倫琴射線	爱克斯射线
倫琴射線	Ｘ光
倫琴射線	Ｘ射线
倫琴射線	Ｘ线
值得信賴	靠谱
值得信賴	靠谱儿
假仙	做作
假唱	咪嘴
假唱	夹口型
假執行	假执行
假執行	先予执行
假牌	套牌
假處分	诉讼保全
假處分	财产保全
假話	假大空
做做樣子	走形式
做媒	作媒
做媒	保媒
做白工	白忙一场
做票	选举舞弊
做表面工作	搞花架子
做表面工夫	搞花架子
停機坪接駁車	摆渡车
停止訴訟	息诉
停車場	停车区
停車收費計時器	咪表
停車計時器	咪表
健保	医疗保险
健保卡	医保卡
健將	健将
健康保險	医疗保险
健腳	铁脚板
健身房	力量房
偶像劇	青春剧
偷跑	提前泄露
傳呼機	传呼机
傳呼機	呼机
傳呼機	寻呼机
傳呼機	拷机
傳呼機	无线寻呼机
傳呼機	考机
傳喚	传唤
傳喚	传审
傳喚	传讯
傳播鏈	传播链
傳統樂器演奏	民乐
傳統風味	传统风味
傳訊	传唤
傳訊	传审
傳訊	传讯
傳輸控制協定	传输控制协议
傻	很二
傻子	傻帽
傻子	傻帽儿
傻瓜	傻帽
傻瓜	傻帽儿
僑生	侨生
僑社	侨民联合会
儀仗	仪仗
儀降	盲降
優格	酸奶酪
優生	优生
優秀劇目	精品剧
優秀教師	特级教师
優酪乳	优酪乳
優酪乳	酸凝酪
優酪乳	酸奶
優酪乳	酸牛奶
優養化	富营养化
儲值	充值
儲值卡	充值卡
儲存槽	存盘
元素態物質	单质
元首會晤	工作访问
兄弟們	铁哥们儿
先烈家屬	烈属
先發投手	先发投手
先發投手	开局投手
先進國家	先进国家
先進國家	发达国家
光學纖維	光学纤维
光學纖維	光导纤维
光學纖維	光纤
光學纖維	光纤维
光害	光污染
光害汙染	光污染
光棍	光棍儿
光棍	光棍儿汉
光棍	单身汉
光棍兒	光棍
光棍兒	光棍儿
光棍兒	光棍儿汉
光棍兒	单身汉
光汙染	光污染
光碟	光盘
光碟	碟片
光碟機	光盘机
光碟機	光盘驱动器
光碟機	光驱
光碟燒錄機	光盘刻录机
光碟燒錄機	刻录机
光纖	光学纤维
光纖	光导纤维
光纖	光纤
光纖	光纤维
光纖維	光学纤维
光纖維	光导纤维
光纖維	光纤
光纖維	光纤维
克氏溫標	开氏温标
克氏溫標	热力学温标
克氏溫標	绝对温标
克漏字	完型填空
免持	免提
免治	碎
免治馬桶	智能座便器
免洗杯	一次性杯子
免洗筷	一次性筷子
免洗筷	卫生筷
免費	免票
免費軟體	免费软件
兜風	兜风
入口網站	门户网站
入夥	入伙
入檔	挂挡
入股	入伙
入贅	倒插门
入贅	入赘
內搭褲	打底裤
內用	堂食
內線交易	内幕交易
內胎	内带
內胎	内胎
內胎	里带
內部招聘	内招
內部網路	内联网
內部裝飾	内饰
全勤	满勤
全壘打	全垒打
全壘打	本垒打
全形	全角
全榖	原粮
全民健保	医疗保险
全民健康保險	医疗保险
全球資源定位器	统一资源定位器
全球資源定位器	统一资源定位地址
全球資源定位器	统一资源定位符
全球資源定址器	统一资源定位器
全球資源定址器	统一资源定位地址
全球資源定址器	统一资源定位符
全球資訊網	万维网
全程陪同	全陪
全穀物	原粮
全距	极差
全銜	机关团体
全餐	套餐
兩光	很烂
兩性人	两性人
兩性人	二形人
兩性人	二性子
兩性人	阴阳人
兩性平權	男女平等
公事包	公文包
公公	公爹
公共交通	公交
公共危險罪	危害公共安全罪
公共汽車	公交
公共汽車	公交车
公共汽車	公共汽车
公共汽車	公汽
公共關係	公共关系
公共關係	公关
公共電視	公共电视台
公制	国际公制
公制	米制
公告期	公示期
公器私用	公权私用
公寓	单元房
公寓	单元楼
公寸	分米
公撮	市撮
公曆	公历
公曆	国历
公曆	太阳历
公曆	格里历
公曆	西历
公曆	阳历
公權力	公权
公立學校	公办学校
公立學校	公立学校
公立學校教師	公办教师
公立學校老師	公办教师
公聽會	听证会
公視	公共电视台
公車	公交
公車	公交一卡通
公車	公交卡
公車	公交车
公車	公共汽车
公車	公汽
公車	公车
公車專用道	公交车专用道
公車專用道	公交车道
公車站	公交站
公車站牌	公交車站牌
公車補助	车补
公道伯	主持公道的老前辈
公醫	公费医疗
公醫	国家医生
公醫制度	国家医生制度
公開透明處理	阳光操作
公關	公共关系
公關	公关
共乘	拼车
共享軟體	共享软件
共犯	同案犯
共用軟體	共享软件
共軛複數	共轭复数
共軛複數	复共轭的
兵工	工兵
具保	保释
典獄長	监狱长
冬奧	冬运
冬季奧林匹克運動會	冬运
冬季奧運會	冬运
冰品	冷食
冰店	冷饮店
冰櫃	冷柜
冰毒	大力丸
冰毒	甲基安非他命
冰毒	甲基安非他明
冰毒	甲基苯丙胺
冰淇淋	冰激凌
冰箱	电冰箱
冰箱	雪柜
冷凍	制冷
冷凍蔬菜	冷冻蔬菜
冷凍蔬菜	速冻蔬菜
冷凍食品	冷冻食品
冷凍食品	速冻食品
冷卻劑	冷却剂
冷卻劑	冷媒
冷卻劑	制冷剂
冷卻劑	致冷剂
冷卻劑	雪种
冷媒	冷却剂
冷媒	制冷剂
冷媒	致冷剂
冷媒	雪种
冷感	冷淡
冷盤	冷盆
冷藏肉	冷却排酸肉
冷藏肉	排酸肉
凍蒜	当选
凝固汽油彈	凝固汽油弹
凝固汽油彈	汽油弹
凝固汽油彈	纳磅弹
凡得瓦力	范德瓦耳斯力
凱氏溫標	开氏温标
凱氏溫標	热力学温标
凱氏溫標	绝对温标
出乎意料	大热倒灶
出其不意的招數	冷招
出分子	出份子
出分子	随分子
出動警察	出警
出勤	出工
出包	惹麻烦
出師	出师
出師	出徒
出師	出道
出師	满师
出招	出招儿
出洋相	大窝脖
出租汽車	出租汽车
出租汽車	出租车
出租汽車	的士
出租汽車	计程车
出租車	出租汽车
出租車	出租车
出租車	的士
出租車	计程车
出草	台湾习俗
出讓利益	放利
出道	出师
出道	出徒
出道	满师
出頭	冒头
出頭	冒尖
出頭	出头
刀具	刃具
刀刃	钢口
刀口	钢口
分偶	分居夫妇
分割視窗	分屏
分封交換	分组交换
分封交換	包交换
分封交換	封包交换
分居	单过
分度器	分度规
分度器	半圆仪
分度器	半圆规
分度器	量角器
分度規	分度器
分度規	分度规
分度規	半圆仪
分度規	半圆规
分度規	量角器
分散式網路	分散式网络
分角線	角平分线
分配	分成
分離式	分体式
切結	保证
切結書	保证书
刑事偵查	刑事侦查
刑事偵查	刑侦
刑事拘留	刑拘
列入黑名單	拉黑
列印	打印
列印機	打印机
列表機	打印机
初步勘測	草测
初步測量	草测
利多	利好
利樂包	利乐包
利樂包	软包装
利空	利淡
制空權	制天权
刷牙用品	牙具
刺竹	大勒竹
刺竹	苦竹
刺竹	鸡筋油竹
剃光頭	剃光头
削鉛筆機	削铅笔机
削鉛筆機	卷笔刀
削鉛筆機	转笔刀
前段班	快班
前置作業	准备工作
前置詞	介词
前置詞	前置词
剖腹生產	剖宫产
剖腹生產	剖腹产
剖腹產	剖宫产
剖腹產	剖腹产
剛發生的案件	现案
剝皮	诈骗
剝皮妹	骗钱的女人
剪力波	次波
剪紙動畫	剪纸动画
剪紙動畫	剪纸影片
剪紙動畫	剪纸片
副手	副职
副檔名	扩展名
副食品	辅食
創作演出	创演
創始人	榜主
創造利潤	创利
剷土機	铲土机
剷土機	铲运机
劃座位	选座
劇目	剧目
劇碼	剧目
劉海	刘海
劉海	刘海儿
劉海	留海
功能表	菜单
功能表	选单
加入聯合國安全理事會	入常
加強	催谷
加油服	助威服
加油服	啦啦队服
加油服	拉拉队服
加油棒	助威棒
加油棒	啦啦棒
加油棒	球迷棒
加減賺	多少赚一点
加班車	临客
加班車	加班车
加班車	加车
加給	加薪
加護病房	加强治疗病房
加護病房	特护病房
加護病房	监护病房
加護病房	重症监护室
加護病房	重症监护病房
劣質品	二路货
助力車	助力车
助力車	电动车
助學貸款	助学贷款
助學貸款	贷学金
助選	帮助候选人参加选举
勒戒所	戒毒中心
勒戒所	戒毒所
動工	上马
動彈	动换
務實	务实
勞作	劳作
勞作	劳技
勞保	劳保
勞力密集型	劳动密集型
勞動力消耗程度	劳动强度
勞動基準法	劳动法
勞動改造	劳动改造
勞動改造	劳改
勞基法	劳动法
勞工保險	劳保
勞工運動	工人运动
勞工運動	工运
勞改	劳动改造
勞改	劳改
包修、包換、包退	三包
包廂	包间
包心菜	卷心菜
包心菜	圆白菜
包心菜	洋白菜
包心菜	甘蓝
包心菜	甘蓝菜
包心菜	结球甘蓝
包心菜	莲花白
包辦	包保
包頭巾	脑包
化學受器	化学受体
化解隔閡	解疙瘩
北京國際青年戲劇節	北京国际青年戏剧节
北京國際青年戲劇節	青戏节
北京時間	北京时间
匯流排	总线
匯流排	汇流排
匿名評審	盲审
區域網路	局域网
區域網路	局域网络
十億分率	十亿分率
十億分點	十亿分率
千位元組	千字节
升擋	升挡
升檔	升挡
午夜場	午夜场
午夜場	零点场
半圓規	分度器
半圓規	分度规
半圓規	半圆仪
半圓規	半圆规
半圓規	量角器
半形	半角
協助	催谷
博愛座	老弱病残孕专座
卡其	卡其布
卡其	咔叽
卡其布	卡其
卡其布	咔叽
卡帶	卡带
卡帶	盒带
卡帶隨身聽	单放机
卡式隨身聽	单放机
卡式電話	磁卡电话
印表機	打印机
危老重建	危改区
即溶	速溶
卵胎生	半胎生
卸載	卸载
原始碼	源代码
原子價	化合价
原子價	原子价
原子序	原子序数
原子爐	原子核反应堆
原子爐	原子炉
原子爐	反应堆
原子爐	反应炉
原子爐	核反应堆
原子爐	核子反应炉
原子筆	圆珠笔
原生質	原生质
原生質	活质
原發性	原发
去光水	洗甲水
去回票	往返票
去回票	来回票
去氧核糖	脱氧核糖
去氧核糖核酸	脱氧核糖核酸
去氧核糖核酸水解酶	脱氧核糖核酸水解酶
參照物	参照物
參照物	参考系
反偷竊	反扒
反季節蔬菜	细菜
反感的事	破事
反應堆	原子核反应堆
反應堆	原子炉
反應堆	反应堆
反應堆	反应炉
反應堆	核反应堆
反應堆	核子反应炉
反應爐	原子核反应堆
反應爐	原子炉
反應爐	反应堆
反應爐	反应炉
反應爐	核反应堆
反應爐	核子反应炉
反撞力	反冲力
反撞力	后坐力
反潮	回潮
反潮	返潮
反監聽反偷拍偵測器	探测狗
反竊聽器	探测狗
反竊聽探測儀	探测狗
反聖嬰	反厄尔尼诺现象
反聖嬰	拉尼娜
反聖嬰	拉尼娜现象
反聖嬰現象	反厄尔尼诺现象
反聖嬰現象	拉尼娜
反聖嬰現象	拉尼娜现象
反衝力	反冲力
反衝力	后坐力
取得最大利益	拿大头
受薪族	工薪族
受薪階級	工薪阶层
受質	受质
受質	底物
叛逆	叛逆心理
叛逆	逆反
叛逆	逆反心理
叛逆心理	叛逆
叛逆心理	逆反
叛逆心理	逆反心理
口水	口沫
口水	口涎
口水	哈喇子
口水	唾沫
口水	唾液
口水巾	围嘴儿
口沫	口水
口沫	口涎
口沫	哈喇子
口沫	唾沫
口沫	唾液
口涎	口水
口涎	口沫
口涎	哈喇子
口涎	唾沫
口涎	唾液
口香糖	口胶
口香糖	香口胶
古早	古老
古早味	传统风味
古爾邦節	古尔邦节
古爾邦節	宰牲节
古爾邦節	尔德节
古爾邦節	牺牲节
叫起床	叫床
叫起床	叫早
可可	蔻蔻
可攜式軟體	可携式软件
可攜式軟體	绿色软件
司令	司令员
司法考試	司考
吃皇糧	吃皇粮
吃黃牌	染黄
各種限制與束縛	条条框框
合成石油	人造石油
合租	群租
合聘	联聘
合菜	包席
合菜	包桌
吉貝素	赤霉素
吉貝酸	赤霉酸
吊嘎	汗背心
吊嘎背心	汗背心
吊車尾	拖后腿
吊點滴	吊盐水
吊點滴	打吊针
吊點滴	打点滴
吊點滴	挂水
吊點滴	补液
吊點滴	输液
同型合子	纯合子
同基因型合子	纯合子
同性戀	基民
同性戀者	基民
同步口譯	同传
同步口譯	同声传译
同步口譯	同声翻译
同胞	胞波
名譽職	名誉职
名譽職	名誉职务
向上浮動	上浮
向下浮動	下浮
向光性	向旋旋光性
向光性	向日性
向光性	趋光性
向日性	向光性
向日性	向旋旋光性
向日性	趋光性
吳郭魚	罗非鱼
吳郭魚	非洲鲫鱼
吳郭魚	非鲫
吵架	掐架
吸二手菸	吸二手烟
吸二手菸	抽二手烟
吸二手菸	被动吸烟
吸引目光	眼球效应
吹毛求疵	疵毛
吹牛	放卫星
吹風機	吹风机
吹風機	电吹风
吹風機	风筒
告捷	告胜
告訴乃論	告诉乃论
告訴乃論	告诉才处理
周邊設備	周边设备
周邊設備	外围设备
周邊賽	外围赛
周邊賽	预选赛
呼叫器	传呼机
呼叫器	呼机
呼叫器	寻呼机
呼叫器	拷机
呼叫器	无线寻呼机
呼叫器	考机
咖哩	咖喱
咬手	手受冻
品檢	质检
品管	品质管制
品管	质管
品脫	品脱
品質	品质
品質	质量
品質監督	质监
品質管制	品质管制
品質管制	质管
哇马谋	我也没有
哈啾	阿嚏
哈拉	海吹
員工餐	工作餐
員警	警员
哩	英里
哩	迈
哭	哭鼻子
唧筒	泵
唬爛	说大话
售報機	售报机
售後服務	返修
售貨攤	摊档
售貨攤位	摊档
唯讀儲存器	只读存储器
唯讀記憶體	只读存储器
唱片	唱片儿
唱片	唱盘
唱片	唱碟
唱片兒	唱片
唱片兒	唱片儿
唱片兒	唱盘
唱片兒	唱碟
唱片行	音像店
唱碟	唱片
唱碟	唱片儿
唱碟	唱盘
唾沫	口水
唾沫	口沫
唾沫	口涎
唾沫	哈喇子
唾沫	唾液
唾液	口水
唾液	口沫
唾液	口涎
唾液	哈喇子
唾液	唾沫
啃老族	傍老族
商圈	商品城
商店街	商业街
商業午餐	工作午餐
商業大廈	商厦
商業大樓	商厦
商業街	商业街
商標	厂标
商用飛機	商飞
啟動器	启动器
啟動器	启辉器
啟明學校	盲人学校
啟聰學校	聋哑学校
啦啦棒	加油棒
啦啦棒	助威棒
啦啦棒	球迷棒
啦啦隊服	助威服
啦啦隊服	啦啦队服
啦啦隊服	拉拉队服
啦啦隊表演	拉拉秀
喇舌	舌吻
喜憨兒	智障
喜歡觀看	热看
喝倒彩	叫倒好儿
喝倒采	叫倒好儿
喝倒采	喝倒彩
喝茫	喝醉
單元劇	单本剧
單株抗體	单克隆抗体
單眼相機	单反相机
單眼相機	单眼相机
單親媽媽	单亲妈妈
單親媽媽	单身妈妈
單親媽媽	独身妈妈
單身漢	光杆司令
單身漢	光棍
單身漢	光棍儿
單身漢	光棍儿汉
單身漢	单身汉
單車	单车
單車	脚踏车
單車	自行车
單頁應用	单页
喻依	喻体
喻體	喻体
喻體	本体
嗲聲嗲氣	奶声奶气
嘜	唛
嘜	唛头
嘜	嚜头
噗友	网友
噗友	网民
噪音	噪声
噪音汙染	噪声污染
噪音汙染	噪音污染
噴墨式列印機	喷墨式打印机
噴墨式列印機	喷墨打印机
噴墨式印表機	喷墨式打印机
噴墨式印表機	喷墨打印机
噴射式油墨印表機	喷墨式打印机
噴射式油墨印表機	喷墨打印机
噴射機	喷气式飞机
噴水車	水炮车
噹噹兒	没见过世面的人
嚇人	雷人
嚇呆	雷倒
四合院	庄稼院
四季豆	芸豆
四季豆	菜豆
回力標	回力标
回力標	回力镖
回力標	回旋标
回力標	回旋镖
回力標	自归器
回力標	飞去来器
回力標	飞机板
回堵	堵车距离
回扣	回水
回潮	返潮
回聘	返聘
回遷戶	回迁户
回頭率	回头率
固執	特牛
固守成規	守摊子
固定工資	死工资
固定工資	铁工资
固定應答型試題	客观题
圈投	画圈投票
國中	初中
國中學測	中考
國中小	初中小学
國中生	初中生
國企	国企
國宅	公房
國宅	经济适用房
國宅	经适房
國定假日	公假
國定假日	国定假日
國定假日	法定假日
國定古蹟	国家保护建筑
國家奧林匹克代表隊	国奥
國家賠償	国家赔偿
國小	小学
國庫	国库
國庫	金库
國慶日	国庆日
國慶日	国庆节
國曆	公历
國曆	国历
國曆	太阳历
國曆	格里历
國曆	西历
國曆	阳历
國標舞	体育舞蹈
國標舞	国标舞
國標舞	国际标准交谊舞
國標舞	国际标准舞
國標舞	标准舞
國民中學	初中
國民中學學生基本學力測驗	中考
國民住宅	公房
國民住宅	经济适用房
國民住宅	经适房
國民外交	民间外交
國民小學	小学
國民所得	国民收入
國民生產毛額	国民生产总值
國民生產毛額	国民生产毛额
國民身分證	身份证
國營企業	国企
國營企業	国有企业
國產菸	国烟
國產香菸	国烟
國稅	中央税
國稅	国家税
國稅	国税
國賠	国家赔偿
國際兒童節	六一国际儿童节
國際兒童節	国际儿童节
國際公制	公制
國際公制	国际公制
國際公制	米制
國際奧會	国际奥委会
國際奧會	国际奥林匹克委员会
國際奧林匹克委員會	国际奥委会
國際奧林匹克委員會	国际奥林匹克委员会
國際換日線	国际日期变更线
國際換日線	日界线
國際標準舞	体育舞蹈
國際標準舞	国标舞
國際標準舞	国际标准交谊舞
國際標準舞	国际标准舞
國際標準舞	标准舞
國際語音學字母	国际音标
國際音標	国际音标
園丁	花把式
園藝師	花把式
園遊會	游园会
圓仔花	丑女
圓舞曲	华尔兹
圓舞曲	圆舞曲
圖形化使用者介面	图形用户界面
圖紙	粉连纸
圖釘	图钉
圖釘	摁钉儿
土包子	土老帽
土地所有權狀	土地所有权证
土埂	地埂
土埂	地埂子
土埂	田垄
土埂	田埂
土托魚	马鲛
土托魚	马鲛鱼
土石流	泥石流
土豆	花生
土豆	落花生
土豆	长生果
土雞蛋	土鸡蛋
土雞蛋	笨鸡蛋
土魠魚	马鲛
土魠魚	马鲛鱼
在地	本地
在編制之內	在编
在職訓練	在职培训
在職訓練	岗位培训
地下室	地库
地下核試爆	地下核试验
地下核試驗	地下核试验
地主國	东道国
地基	房基
地層下陷	地层下陷
地層下陷	地陷
地層下陷	地面沉降
地方法院檢察署	地方检察院
地暖	地板辐射采暖
地標建築	地标建筑
地檢署	地方检察院
地瓜	甘薯
地瓜	番薯
地瓜	白薯
地瓜	红苕
地瓜	红薯
地瓜	蕃薯
地盤下陷	地层下陷
地盤下陷	地陷
地盤下陷	地面沉降
地目	土地使用目的
地磚	地板砖
地磚	地砖
地陷	地层下陷
地陷	地面沉降
地震強度	地震烈度
地震強度	烈度
地震等級	地震等级
地震等級	地震震级
地震等級	震级
地震規模	地震等级
地震規模	地震震级
地震規模	震级
均值定理	中值定理
坎城影展	戛纳影展
型錄式廣告	型录广告
城市化程度	城市化水平
城市化程度	城市化率
城市化程度	都市化程度
城市建設	城建
城市更新	旧城改造
城市更新	都市更新
城鎮	镇子
埠	端口
執法人員	大盖帽
執行長	首席执行官
執達員	执达吏
執達員	执达员
基因剔除	基因敲除
基因改造生物	遗传修饰生物体
基因改造食品	转基因食品
基因晶片	基因芯片
基因體	基因组
基地臺	基地台
基地臺	基站
基層	低层
基層	基层
基層公共文化事業機構	文化站
基改生物	遗传修饰生物体
基本學科	基础学科
基本教育	基础教育
基本盤	一群固定投票的选民
基本科目	基础学科
基盤	基盘
基礎學科	基础学科
基礎教育	基础教育
基質	受质
基質	底物
堆高機	叉车
堆高機	铲车
報值掛號	保值挂号
報值掛號信	保值挂号信
報到櫃檯	值机岛
報導	报导
報導	报道
報導文學	报告文学
報警	接警
報酬率	回报率
場均	场均
塑木地板	地板革
塑膠	塑料
塑膠地板	地板革
塑膠垃圾	白色垃圾
塑膠木地板	地板革
塑膠炸彈	塑料炸弹
塑膠炸彈	塑胶炸弹
塑膠磁鐵	塑料磁
塑膠磁鐵	塑胶磁
塑膠袋	塑料袋
塔台	对空台
塗托魚	马鲛
塗托魚	马鲛鱼
塗改液	修正液
塗改液	涂改液
境外固體廢棄物	洋垃圾
增加就業機會	增岗
增強型債券基金	增强型债券基金
增強型債券基金	强债
增溫層	增温层
增溫層	暖层
增溫層	热层
增溫層	热成层
增溫層	热气层
墨鏡	墨镜
墨鏡	太阳镜
墨鏡	黑超
墮胎	人工流产
墮胎	人流
墮胎	堕胎
墮胎	打胎
墾荒造林	林垦
壁報	墙报
壁報	壁报
壁櫥	壁柜
壁櫥	壁橱
壁紙	墙纸
壁紙	壁纸
壁虎	守宫
壁虎	蝎虎
壁虎	蝎虎子
壓克力	压克力
壓克力	有机玻璃
壓克力纖維	亞克力纖維
壓克力纖維	腈纶
壓力鍋	压力锅
壓力鍋	高压锅
壓車	压车
士官長	军士长
夏令時間	夏令时间
夏令時間	夏令時
夏令時間	夏时制
夏令時間	日光节约时
夏令時間	经济时
外交宣傳	外宣
外公	姥爷
外公	老爷
外勞	外籍劳工
外匯存底	外汇储备
外匯收入總額	创汇额
外商	外企
外圍賽	外围赛
外圍賽	预选赛
外太空	外层空间
外太空	宇宙空间
外快	外水
外快	活钱
外氣層	外大气层
外氣層	外逸层
外氣層	散逸层
外氣層	逃逸层
外祖父	姥爷
外祖父	老爷
外耳道	外听道
外耳道	耳朵眼儿
外耳道	耳道
外聽道	外听道
外聽道	外耳道
外聽道	耳朵眼儿
外聽道	耳道
外胎	外带
外遇	婚外恋
外遇	婚外情
外部人才	外脑
外野手	外场手
多媒體	多介质
多媒體	多媒体
多媒體	混合媒体
多媒體簡訊	彩信
多巴胺	羟酪胺
多益	托业
夜大	夜大学
大便	大解
大便	解大手
大力丸	冰毒
大力丸	甲基安非他命
大力丸	甲基安非他明
大力丸	甲基苯丙胺
大勒竹	刺竹
大勒竹	苦竹
大勒竹	鸡筋油竹
大哥大	手机
大哥大	无线电话
大哥大	移动电话
大地基準點	大地原点
大地基準點	大地基准点
大姊頭	女流氓头子
大姐頭	女流氓头子
大字報	大字报
大學入學考試	高考
大學學科能力測驗	高考
大客車	重型汽车
大尾	有权有势的人物
大廈	单元房
大廈	单元楼
大會串	齐聚在一起
大漆	国漆
大漆	土漆
大漆	生漆
大火鍋	大盖帽
大牙	槽牙
大牙	磨牙
大牙	臼齿
大眾捷運系統	地铁
大眾運輸	公交
大眾運輸	公共交通
大碗公	大碗
大紅豆	红腰豆
大紅豆	花豆
大罐	钢包
大老	大腕
大老	大腕儿
大聲公	扩音器
大英國協	英联邦
大規模	拉网式
大解	大便
大解	解大手
大話	假大空
大豪雨	特大暴雨
大貓熊	大熊猫
大貓熊	熊猫
大貓熊	猫熊
大貨車	重型汽车
大賣場	霸级市场
大運會	大运会
大陸勞工	在台湾打工的中国人
大陸妹	大陆女性
大陸妹	玻璃生菜
大頭照	大头照
大頭照	标准像
大頭照	标准照
大餐廳	饭庄
大餐館	饭庄
大麥克	巨无霸
大齡寡男、剩女	大男大女
大齡男女	大龄青年
天南地北地閒聊	山侃海聊
天南地北地閒聊	山海经
天南地北地閒聊	海聊
天南地北地閒聊	神侃
天南地北地閒聊	神侃海聊
天南地北地閒聊	聊山海经
天南地北地閒聊	说山海经
天擇	天择
天擇	自然淘汰
天擇	自然选择
天橋	天桥
天橋	过街天桥
天橋	过街桥
天然氣	天然气
天然瓦斯	天然气
天然食品	无公害食品
天然食品	绿色食品
天花板	吊顶
天車	天车
天車	行车
天龍人	有特权很嚣张的人
太保	阿飞
太子黨	官二代
太座	老婆大人
太白粉	土豆淀粉
太白粉水	水淀粉
太白粉水	水生粉
太空人	宇航员
太空人	航天员
太空工業	航天工业
太空技術	太空技术
太空技術	宇航技术
太空技術	空间技术
太空技術	航天技术
太空探測器	太空探测器
太空探測器	宇宙探测器
太空探測器	空间探测器
太空服	太空衣
太空服	宇宙服
太空服	宇航服
太空服	航天服
太空梭	航天飞机
太空漫步	太空步
太空漫步	太空行走
太空漫步	月球漫步
太空漫步機	太空机
太空漫步機	太空漫步机
太空科學	空间科学
太空站	空间站
太空站	航天站
太空站	航太站
太空船	太空机
太空船	宇宙飞船
太空船	航天器
太空船	飞船
太空衣	太空服
太空衣	宇宙服
太空衣	宇航服
太空衣	航天服
太空載具	航天器
太空飛行員	宇航员
太空飛行員	航天员
太空飛行器	航天器
太陽光電產業	光伏产业
太陽光電產業	太阳光电产业
太陽曆	公历
太陽曆	国历
太陽曆	太阳历
太陽曆	格里历
太陽曆	西历
太陽曆	阳历
太陽爐	太阳灶
太陽爐	太阳炉
太陽眼鏡	墨镜
太陽眼鏡	太阳镜
太陽耀斑	太阳耀斑
太陽耀斑	耀斑
央視	中国中央电视台
央視	中央电视台
央視	央视
夯土牆	干打垒
夾層屋	复式住宅
夾層屋	复式楼
夾層屋	夹层屋
夾帶私人貨品	塞私货
奈米	纳米
奈米技術	纳米技术
奈米材料	纳米材料
奈米科學	纳米科学
奈米纖維	纳米纤维
奎林	喹啉
契約工	合同工
契約農業	契约农业
契約農業	订单农业
套交情	套磁
套裝	套服
套裝	套装
套裝軟體	套装软件
套褲	套裤
套褲	袜裤
奧客	恶劣的顾客
奧步	烂招
奪冠	捧杯
女打仔	打女
女用包	坤包
女用包包	坤包
女用手錶	坤表
女追男	凰求凤
女錶	坤表
奶油球	咖啡奶精
奶球	咖啡奶精
奶精	咖啡伴侣
奶罩	乳罩
奶罩	文胸
奶罩	胸罩
奶酪	乳酪
奶酪	吉士
奶酪	芝士
奶酪	起司
奶酪	起士
好人	好角
好加在	幸好
好康	好
好料	美食
姊妹市	兄弟市
姊妹市	友好城市
姊妹市	姊妹城
姊妹市	姐妹城
姊妹市	姐妹市
姊妹淘	闺蜜
始業式	开学典礼
姐妹市	兄弟市
姐妹市	友好城市
姐妹市	姊妹城
姐妹市	姊妹市
姐妹市	姐妹城
姐妹淘	闺蜜
委託培訓	委培
威而鋼	万艾可
威而鋼	伟哥
娛樂記者	娱记
婚前同居	事实婚姻
婚外情	外遇
婚外情	婚外恋
媒體節	媒体节
嬉皮	嬉皮士
子母畫面電視	双画面电视
字元	字符
孤兒院	保育院
孤兒院	孤儿院
學前教育	学前教育
學前教育	幼儿教育
學前教育	幼教
學店	私立校
學測	高考
學科	学科
學門	学科
宅急便	宅急送
宅配	宅急送
宇宙	总星系
宇宙空間	外层空间
宇宙空間	宇宙空间
宇宙飛船	太空机
宇宙飛船	太空船
宇宙飛船	宇宙飞船
宇宙飛船	飞船
守宮	壁虎
守宮	守宫
守宮	蝎虎
守宮	蝎虎子
守舊的人	老封建
安公子	安非他明
安太歲	太岁
安定器	镇流器
安心肉品	放心肉
安怎	怎么办
安樂死	安乐死
安樂死	慈悲杀人
安置住宅	安置房
安親班	托班
安親班	托管班
安非他命	安非他明
完全相反	满拧
完蛋	晕菜
定向天擇	定向选择
定時	定时
定時	定点
定期	死期
定錢	定钱
定額編制	定编
客串	会串
宣告偵破	告破
室內大型環狀壁畫	全景画
室內空氣汙染	家裝污染
宰客	斩客
宰牲節	古尔邦节
宰牲節	宰牲节
宰牲節	尔德节
宰牲節	牺牲节
宵夜場電影	通宵电影
家家酒	过家家
家居裝潢	家装
家庭主夫	主夫
家庭主夫	妇男
家庭主夫	家庭妇男
家庭主夫	家庭煮夫
家庭主婦	马大嫂
家庭煮夫	主夫
家庭煮夫	家庭主夫
家庭煮夫	家庭妇男
家庭計畫	计划生育
家庭醫學	家庭医学
家庭醫生	家庭医生
家醫	家庭医学
家醫	家庭医生
家長會	家长会
容電器	电容
容電器	电容器
密碼棒	加密棒
密等	机密等级
密醫	赤脚医生
富翁	大款
富裕生活	红红火火
寢具	卧具
寢具	寝具
寢具	床品
實況錄影	实况录像
實際操作	动手能力
寬螢幕電視	宽屏幕电视
寬頻	宽带
寬頻網路	宽带网络
寬頻電話	互联网电话
寬頻電話	网上电话
寬頻電話	网络电话
封包交換	分组交换
封包交換	包交换
封包交換	封包交换
封底	封四
封底裡	封三
封鎖線	保安线
封面	封一
封面裡	封二
專家	里手
專校	专科
專校	专科学校
專校	大专
專款專用	收支两条线
專用車	专列
專科	专科
專科	专科学校
專科	大专
專科學校	专科
專科學校	专科学校
專科學校	大专
對嘴	假唱
對嘴	咪嘴
對嘴	夹口型
導向飛彈	导弹
導師	班主任
導師	级任
導引酶	引发酶
導彈	导弹
導火線	导火索
導火線	导火线
導火線	导爆索
導盲磚	盲道砖
導盲道	导盲道
導盲道	盲道
導覽員	导游
導言	导语
導遊	地接
導遊	地陪
小便	小解
小便	小遗
小便	解小手
小兩會	小两会
小型燈泡	电珠
小姑姑	老姑
小學	小学
小學教育	小教
小王	男小三
小發財	发财车
小筆電	上网本
小綿羊	轻便摩托车
小耳朵	小鍋
小菜麵食	菜点
小蘇打	小苏打
小蘇打	食粉
小解	小便
小解	小遗
小解	解小手
小貨車	小货车
小貨車	微型车
小轎車	小卧车
小轎車	小轿车
小農經濟	小农经济
小遺	小便
小遺	小解
小遺	小遗
小遺	解小手
小開	富二代
小開	小开
小黃	出租汽车
小黃	出租车
小黃	的士
小黃	计程车
少年矯正學校	少年管教所
少年輔育院	少年犯管教所
少年輔育院	少管所
少年輔育院	管教所
尖峰時間	交通高峰
尖峰時間	高峰时间
尖峰期	高峰期
尬車	飙车
就學貸款	助学贷款
就學貸款	贷学金
尺	米尺
尼隆	尼龙
尼隆	锦纶
尼龍	尼龙
尼龍	锦纶
尿布	尿片
尿布	褯子
尿片	尿布
尿片	褯子
屁孩	熊孩子
居酒屋	小酒馆
屈光率	光焦度
屏幕	荧光屏
屏幕	荧屏
屏幕	视屏
展售	展销
展櫃	展柜
展櫃	展橱
展櫃	展示柜
展示櫃	展柜
展示櫃	展橱
展示櫃	展示柜
展示櫥櫃	展橱
展銷	展销
屘	小儿子
履行職務	履职
履行職責	履职
山楂	红果
山老鼠	盗伐林木的人
山胞	原住民
山藥蛋	土豆
山藥蛋	山药蛋
山藥蛋	洋芋
山藥蛋	马铃薯
峰會	峰会
峰會	首脑会议
峰會	高峰会
峰會	高峰会议
崗哨	岗卡
巡弋飛彈	巡航飞弹
巡航飛彈	巡航飞弹
工作列	任务栏
工作服	职业装
工安	工业安全
工寮	工棚
工會	工会
工會	工联
工業安全	工业安全
工業與交通運輸業	工交
工資	岗位工资
工資	职务工资
工運	工人运动
工運	工运
巨杓	钢包
巨觥	钢包
差不多	不大离
差集	补集
已成定局	铁板钉钉
已開發國家	先进国家
已開發國家	发达国家
巴金森氏症	帕金森氏症
巴金森氏症	帕金森病
巴金森氏症	帕金森综合征
巴金森氏症	帕金森综合症
巴金森氏症	柏金逊症
巴金森氏症	震颤麻痹综合症
市內電話	固定电话
市內電話	固话
市內電話	座机
市話	固定电话
市話	固话
市話	座机
市鎮	市镇
布堆畫	布堆画
布堆畫	布贴画
布堆畫	布贴花
布堆畫	拨花
布希曼人	布须曼人
布希鞋	洞洞鞋
布希鞋	花园鞋
布貼畫	布堆画
布貼畫	布贴画
布貼畫	布贴花
布貼畫	拨花
布貼花	布堆画
布貼花	布贴画
布貼花	布贴花
布貼花	拨花
帆布	劳动布
帕奧會	残奥会
帕奧會	残疾人奥林匹克运动会
帕奧會	残疾人奥运会
帕拉林匹克運動會	残奥会
帕拉林匹克運動會	残疾人奥林匹克运动会
帕拉林匹克運動會	残疾人奥运会
帕運	残奥会
帕運	残疾人奥林匹克运动会
帕運	残疾人奥运会
帕運會	残奥会
帕運會	残疾人奥林匹克运动会
帕運會	残疾人奥运会
帕金森氏症	巴金森氏症
帕金森氏症	帕金森病
帕金森氏症	帕金森综合征
帕金森氏症	帕金森综合症
帕金森氏症	柏金逊症
帕金森氏症	震颤麻痹综合症
帕金森病	巴金森氏症
帕金森病	帕金森氏症
帕金森病	帕金森综合征
帕金森病	帕金森综合症
帕金森病	柏金逊症
帕金森病	震颤麻痹综合症
帕金森綜合症	巴金森氏症
帕金森綜合症	帕金森氏症
帕金森綜合症	帕金森病
帕金森綜合症	帕金森综合征
帕金森綜合症	帕金森综合症
帕金森綜合症	柏金逊症
帕金森綜合症	震颤麻痹综合症
師丈	女老师丈夫
師大	中师
師大	高师
師範大學	中师
師範大學	高师
帶頭	打头炮
帽徽	帽花
幫浦	唧筒
幫浦	泵
干啤酒	干啤
干白葡萄酒	干白
干白酒	干白
平交道	道口
平快車	普快车
平方公尺	平方
平方公尺	平方米
平方公尺	平米
平方公里	平方千米
平方米	平方
平方米	平方公尺
平方米	平米
年假	年休假
年度例行審查	年审
年紀大的人	大龄
年資	工龄
年資	年资
年資	资龄
年輕儲備人才	管培生
年輕儲備人才	管理培训生
年輕工人	青工
年齡層	年龄段
幹員	能干的官员
幼兒教育	学前教育
幼兒教育	幼儿教育
幼兒教育	幼教
幼幼班	小小班
幼幼班	早早班
幼教	学前教育
幼教	幼儿教育
幼稚教育	学前教育
幼稚教育	幼儿教育
幼稚教育	幼教
幼齒	年幼者
幽浮	不明飞行物
幽浮	飞碟
底價	底价
底價	标底
底材	受质
底材	底物
底標	底价
底標	标底
底片	彩卷
店面	铺面房
店面	门面房
店頭	场外交易市场
店頭市場	场外交易市场
座車	座车
廁所	便所
廁所	卫生间
廁所	厕所
廁所	洗手间
廂型車	面的
廟公	庙祝
廟祝	庙祝
廢棄塑膠汙染	白色污染
廣域網路	广域网
廣播體操	广播体操
廣播體操	广播操
廳舍	办公大楼
延長線	延长线
延長線	排插
延長線	接线板
延長線	插排
延長線	线板
建商	建筑商
建地	建筑用地
建坪	建筑面积
建教合作	厂校挂钩
建教合作	双元制
建教合作	校企
建照	建筑执照
建物	建筑物
建立互助合作關係	结对
建立案卷	立卷
建築執照	建筑执照
建築物	建筑物
建蔽率	建筑密度
建蔽率	建筑覆盖率
引子	引物
引子酶	引发酶
引水人	引港
引水人	领港
引港	领港
引進國外智慧	外智
引進知識型人才	引智
引進資金	引资
弱項	短项
弳度制	弧度制
強人	活八仙
強人	牛人
強制保險	强制保险
強制保險	法定保险
強勢貨幣	强势货币
強勢貨幣	硬通货
強化玻璃	钢化玻璃
彈性放假	串休
彈牙	有弹性
彈簧	绷簧
彈翻床	蹦床
彈道飛彈	弹道导弹
彈道飛彈	弹道式导弹
彩色映像管	彩管
彩色沖印	彩扩
彩色沖印	扩印
彩色沖印照相館	彩扩店
彩色真空管	彩管
彩色螢幕	彩屏
彩色超音波	彩超
彩色顯示器	彩显
彩色顯示器	彩芒
影印本	复印件
影印本	影印件
影印機	复印机
影片	视频
影片數據傳輸	视频流
影碟	激光视盘
影碟	碟片
影碟	视盘
影碟	视频光盘
影碟機	影碟机
影碟機	碟机
影碟機	视盘机
影音	声像
影音	音像
影音製品	音像制品
待業	待岗
很夯	很热门
後天免疫不全症候群	后天免疫不全症候群
後天免疫不全症候群	后天免疫缺乏症候群
後天免疫不全症候群	爱滋病
後天免疫不全症候群	获得性免疫缺陷综合征
後天免疫缺乏症候群	后天免疫不全症候群
後天免疫缺乏症候群	后天免疫缺乏症候群
後天免疫缺乏症候群	爱滋病
後天免疫缺乏症候群	获得性免疫缺陷综合征
後座力	反冲力
後座力	后坐力
後撞力	反冲力
後撞力	后坐力
後段班	慢班
後照鏡	后视镜
後視鏡	后视镜
後車廂	后备厢
後車廂	后车厢
徒步區	步行街
微型	缩微
微型計算機	微型电子计算机
微型計算機	微型计算机
微型計算機	微机
微型計算機	微电脑
微型計算機	微算机
微型電子計算機	微型电子计算机
微型電子計算機	微型计算机
微型電子計算機	微机
微型電子計算機	微电脑
微型電子計算機	微算机
微算機	微型电子计算机
微算機	微型计算机
微算機	微机
微算機	微电脑
微算機	微算机
微血管	毛细管
微血管	毛细血管
微電腦	微型电子计算机
微電腦	微型计算机
微電腦	微机
微電腦	微电脑
微電腦	微算机
徵信所	征信所
徵信社	征信所
徵才	招人
徵才會	招聘会
徵收管理	征管
德國豬腳	德国咸猪手
德國豬腳	德国猪脚
心口	心口窝
心律不整	心律不齐
心律不整	心律失常
心情煩悶	闹心
心理準備	心理准备
心理準備	思想准备
心理諮商	心理咨询
心肌梗塞	心梗
心肌梗塞	心肌梗死
心跳率	心率
心跳速率	心率
心速	心率
志工	义务工
志工	义工
志工	志愿者
忙線	忙音
忙線訊號	忙音信号
快取	快取记忆体
快取	高速存储器
快取	高速缓冲存储器
快取	高速缓存
快取記憶體	快取
快取記憶體	快取记忆体
快取記憶體	高速存储器
快取記憶體	高速缓冲存储器
快取記憶體	高速缓存
快捷郵件	速递
快煮壺	电热壶
快煮壺	电热水壶
快車道	快行线
快車道	快车道
快速道	快速路
快速道路	快速路
快遞	快递
快遞	特快专递
快鍋	压力锅
快鍋	高压锅
快閃記憶體	闪存
快閃記憶體	闪速存储器
思想守舊	榆木疙瘩
怠職	怠工
急救金	应急金
怪咖	怪胎
怪手	挖土机
怪手	挖掘机
怪手	掘土机
恐龍妹	丑女
恩可	安可
悠遊卡	通联卡
情境劇	实况剧
情境喜劇	情景剧
情資	情报资料
惡性循環	怪圈
惡意中傷	泼脏水
惡意吹捧	恶捧
意外事故	冬瓜豆腐
意大利語	意大利语
意識型態	意识形态
意識型態	观念形态
意識形態	意识形态
意識形態	观念形态
愛克斯光	伦琴射线
愛克斯光	爱克斯光
愛克斯光	爱克斯射线
愛克斯光	Ｘ光
愛克斯光	Ｘ射线
愛克斯光	Ｘ线
愛克斯射線	伦琴射线
愛克斯射線	爱克斯光
愛克斯射線	爱克斯射线
愛克斯射線	Ｘ光
愛克斯射線	Ｘ射线
愛克斯射線	Ｘ线
愛滋病	后天免疫不全症候群
愛滋病	后天免疫缺乏症候群
愛滋病	爱滋病
愛滋病	获得性免疫缺陷综合征
愛滋病毒	人类免疫缺陷病毒
愛滋病毒	艾滋病毒
愛現	爱表现
感光鼓	硒鼓
感應門	防盗仪
感測網路	感测网络
感熱紙	热敏纸
慕丝	摩丝
慕斯	慕丝
慕斯	摩丝
慕絲	慕丝
慕絲	摩丝
慢車道	慢行道
慢車道	慢车道
慣盜	惯偷
慣盜	惯盗
慣盜	惯窃
慣盜	惯贼
慣竊	惯偷
慣竊	惯盗
慣竊	惯窃
慣竊	惯贼
慣賊	惯偷
慣賊	惯盗
慣賊	惯窃
慣賊	惯贼
慶祝獲勝	祝捷
憤青	愤青
應用程式	应用程序
懶人沙發	软椅
懸浮微粒	可吸入颗粒物
懸疑	悬念
懸疑	悬疑
懸疑劇	悬念剧
懸疑劇	悬疑剧
懼高	恐高
懼高症	恐高症
成屋	现房
成屋市場	装修房市场
成衣	成服
成魚	亲鱼
戒指	镏子
戒斷症狀	脱瘾
戒毒中心	戒毒所
戒毒所	戒毒中心
或然率	几率
或然率	机会率
或然率	概率
截圖	屏幕截图
截圖	截图
截圖	截屏
戰鬥機	战斗机
戰鬥機	歼击机
戰鬥機	驱逐机
戲路	戏路
戲路	戏路子
戴奧辛	二（口+恶）英
戶口名簿	户口本
戶口名簿	户口本儿
戶口名簿	户口簿
戶籍謄本	户籍证明
房仲業	房地产业
房屋所有權狀	房产证
房屋所有權狀	房本
房屋稅	房产税
房市	楼市
房車	房车
房車	轿车
扁桃腺	扁桃体
扉頁	內封
扉頁	扉页
手扶梯	步行电梯
手扶梯	滚梯
手扶梯	电动扶梯
手扶梯	电扶梯
手扶梯	自动扶梯
手指畫	手指画
手指畫	指墨画
手指畫	指头画
手指畫	指画
手排	手动挡
手排	手排挡
手排擋	手动挡
手排擋	手排
手排擋	手排挡
手排檔	手动挡
手排檔	手排
手排檔	手排挡
手推車	手推车
手推車	手车
手推車	推车
手提電腦	手提电脑
手提電腦	笔记本
手提電腦	笔记本电脑
手提電視	移动电视
手機	大哥大
手機	手机
手機	无线电话
手機	爪机
手機	移动电话
手段	猫儿腻
手段	猫匿
手段	猫腻
手語	手势语
手電筒	手电
手電筒	手电筒
手電筒	电棒儿
手電筒	电筒
打卡機	打卡机
打卡鐘	打卡机
打掃	搞卫生
打擊人口販賣	打拐
打擊假貨	打假
打擊毒品犯罪行動	肃毒战
打擊走私	打私
打書	蹭书
打檔	挂挡
打火兄弟	消防员
打空檔	挂空挡
打胎	人工流产
打胎	人流
打胎	堕胎
打菜	派饭
打麻將	打麻将
打麻將	搓麻
打麻將	搓麻将
打麻將	码长城
打點滴	吊盐水
打點滴	打吊针
打點滴	打点滴
打點滴	挂水
打點滴	补液
打點滴	输液
托拉庫	拖拉机
托球員	二传手
托球員	托手
扣帽子	打棍子
扮家家酒	过家家
扮白臉	唱红脸
扮白臉	装红脸
扮黑臉	唱白脸
批價	划价
批准租用	批租
批發零售	批零
找錢	找赎
承包	包干儿
技士	技术人员
技術學院	技校
抓住關鍵	牵牛鼻子
抓包	现场抓获
抓耙仔	金手指
抓耙子	金手指
投入拍攝	投拍
投入拍賣	投拍
投報率	投报率
投報率	投资回报率
投影器	投影仪
投影器	投影机
投影機	投影仪
投影機	投影器
投影機	投影机
投影螢幕	投影屏
投書	信访
投注站	彩点
投現	投入现金
投資報酬率	投报率
投資報酬率	投资回报率
投資銀行	投行
投遞員	投递员
投遞員	邮差
投遞員	邮递员
抗告	抗诉
抗氧化劑	抗氧剂
抗氧化劑	抗氧化剂
抗藥性	抗药性
抗藥性	耐药性
抗訴	抗诉
折光率	光焦度
折射光	折光
折疊桌	折叠桌
折疊桌	折台
披索	比索
披薩	比萨
披薩	比萨饼
披頭四	披头士
抬槓	顶杠
抹片	涂片
抹芽	掰芽子
抹黃	搞性丑闻
抽二手烟	吸二手烟
抽二手烟	被动吸烟
抽取式磁碟	移动存储器
抽水站	扬水站
抽水站	泵站
抽獎	摇号
抽當	花小钱抽大奖的游戏
抽空	插空
拉偏架	拉偏手儿
拉抬	拉升
拉拉隊服	助威服
拉拉隊服	啦啦队服
拉拉隊服	拉拉队服
拉炮	彩炮
拉炮	礼宾花
拉關係	套磁
拍賣	拍卖
拍賣	甩卖
拍賣物品	拍品
拓展營運據點	铺摊子
拖把	墩布
拖拉庫	拖拉机
拖拉機	拖拉机
拖拉機	铁牛
拖斗	挂斗
拖曳傘	牵引伞
拖車	拖车
拖車	挂车
拘提	拘传
拘留	行政拘留
招式	招数
招式	着数
招數	招数
招數	着数
招聘	用工
拾破爛	拾破烂
拾破爛	拾荒
拾破爛	捡破烂
拾破爛	捡破烂儿
拾荒	拾破烂
拾荒	捡破烂
拾荒	捡破烂儿
拿喬	拿乔
拿回扣	吃回扣
拿翹	拿乔
指導教授	导师
指揮家	执棒
指數型成長	指数增长
指數型成長	指数生长
指數型成長	种群指数生长
指數型族群成長	指数生长
指數型族群成長	种群指数生长
指數增長	指数增长
指數增長	指数生长
指數增長	种群指数生长
指數生長	指数生长
指數生長	种群指数生长
指望不大	二乎
指標化石	标准化石
指標化石	标志化石
指準化石	标准化石
指準化石	标志化石
指畫	手指画
指畫	指墨画
指畫	指头画
指畫	指画
指頭畫	手指画
指頭畫	指墨画
指頭畫	指头画
指頭畫	指画
按摩店	浴足店
按摩店	脚沐店
按摩店	足沐店
按摩店	足浴店
按讚	点赞
挖土機	挖土机
挖土機	挖掘机
挖土機	掘土机
挖掘機	挖土机
挖掘機	挖掘机
挖掘機	掘土机
挖掘潛力	挖潜
挖苦	埋汰
挽面	绞脸
捅刀	告黑状
捉住最後一根稻草	捞稻草
捐血	无偿献血
捐血	献血
捐輸	捐献
捕手	接手
捲動式螢幕	滚屏
捲心菜	包心菜
捲心菜	卷心菜
捲心菜	圆白菜
捲心菜	洋白菜
捲心菜	甘蓝
捲心菜	甘蓝菜
捲心菜	结球甘蓝
捲心菜	莲花白
捲筒塑膠袋	手撕袋
捲筒塑膠袋	撕拉袋
捲筒塑膠袋	点断袋
捲筒塑膠袋	连卷袋
捷泳	爬泳
捷泳	自由式
捷泳	自由泳
捷運	地铁
捷運工程	地铁工程
捷運站	空轨站
捷運站	轨道站
捷運站	轻轨站
掃描器	扫描仪
掃描器	扫描器
掃描器	扫描机
掃描機	扫描仪
掃描機	扫描器
掃描機	扫描机
掃除文盲	扫盲
掃黑	打黑
掃黑	扫黑
掉漆	很逊
掌上型電腦	个人数字助理
掌上型電腦	掌上型电脑
掌上型電腦	掌上电脑
排擋	排挡
排斥反應	排异反应
排檔	排挡
排水孔蓋	地漏
掛名	挂靠
掛圖器	挂镜线
掛圖器	画镜线
掛畫器	挂镜线
掛畫器	画镜线
掛畫軌道	挂镜线
掛畫軌道	画镜线
掛網	挂机
掛線	挂电话
掛點	挂点
採伐和培育	采育
採暖	采暖
探底細	摸底细
探戈	糖果舞
探海燈	探射灯
探海燈	探海灯
探海燈	探照灯
探溫器	探温器
探溫器	探温机
探溫器	探热机
探溫器	测温机
探溫器	热像仪
探溫機	探温器
探溫機	探温机
探溫機	探热机
探溫機	测温机
探溫機	热像仪
探照燈	探射灯
探照燈	探海灯
探照燈	探照灯
探熱機	探温器
探熱機	探温机
探熱機	探热机
探熱機	测温机
探熱機	热像仪
接棒	接班
接棒人	接班人
接線	接线
接線	连接线
接線	连线
接線員	接线员
接線員	话务员
接線生	接线员
接線生	话务员
推動	催谷
推車	手推车
推車	手车
推車	推车
掩埋場	堆填场
掩埋場	填埋区
掩埋場	填埋场
揀破爛	拾破烂
揀破爛	拾荒
揀破爛	捡破烂
揀破爛	捡破烂儿
揉麵	白案
揉麵	面案
描圖紙	粉连纸
提前退休	內退
提前退休	内退
提前退休	退养
提升人品	攒人品
插嘴	插一腿
插隊	加塞儿
插隊	插队
換工作	转岗
換擋	换挡
換檔	换挡
換班	轮岗
換腦袋	换脑瓜子
揪團	组团
搓麻將	打麻将
搓麻將	搓麻
搓麻將	搓麻将
搖獎機	吹波机
搖獎機	吹球机
搖臀舞	电臀舞
搜尋引擎	搜索引擎
搜查令	搜查证
搞定	搞掂
搞笑藝人	搞笑艺人
搞笑藝人	笑星
搞鬼	玩猫儿腻
搬家	动窝
搬移	动窝
搬遷	动迁
搬離	动窝
搭計程車	打的
搭計程車	打车
搭計程車	搭出租车
搭計程車	搭计程车
搭錯線	搭错车
搭錯車	搭错车
搶先註冊	抢注
搶劫	劫道
搶收搶種	双抢
摩托車	摩托
摩托車	摩托车
摩托車駕照	车本
摩鐵	汽车旅馆
摸頭	摸头
撇步	妙招
撞球	台球
撞球	桌球
撿尾刀	专门抢功的人
撿破爛	拾破烂
撿破爛	拾荒
撿破爛	捡破烂
撿破爛	捡破烂儿
擅自離開崗位	离岗
擅自離開崗位	脱岗
擋風板	风挡
操老	面老
擔任官職	戴官帽子
據為己有	塞腰包
擦子	橡皮
擦子	橡皮擦
擦布	橡皮
擦布	橡皮擦
擬真視訊	网真
擺地攤	出摊儿
擺地攤	摆地摊
擺地攤	摆摊
擺地攤	摆摊子
擺地攤	练摊儿
擺攤	出摊儿
擺攤	摆地摊
擺攤	摆摊
擺攤	摆摊子
擺攤	练摊儿
擺攤地點	摊点
擺攤子	出摊儿
擺攤子	摆地摊
擺攤子	摆摊
擺攤子	摆摊子
擺攤子	练摊儿
擺架子	摆份儿
攀交情	套磁
攝影	摄像
攝影	摄影
攝影機	摄像机
攝護腺	前列腺
攪局	打横炮
收費站	路卡
收錄音機	收录机
收錄音機	收录音机
改革開放	改革开放
放山雞	散养鸡
放牛班	差生班
放鴿子	放飞机
放鴿子	放鸽子
政審	政审
政治庇護	政治庇护
政治庇護	政治避难
政治歸屬	政治面目
政治歸屬	政治面貌
政績工程	形象工程
政績工程	面子工程
救火栓	消火栓
救火栓	消防栓
救護車	急救车
救護車	救护车
救護隊	救护队
救難包	应急包
救難包	避难包
救難隊	救护队
教學軟體	课件
教界	教育界
散布冷言冷語	吹冷风
散布流言蜚語	放冷风
散步	踏足
散步謠言	刮阴风
散票	零票
散逸層	外大气层
散逸層	外逸层
散逸層	散逸层
散逸層	逃逸层
敬酒	祝酒
敬酒祝福語	祝酒词
整備士	维修员
整頓思想	整风
數位人	经常使用电子产品的人
數位傳輸	数字通信
數位傳輸	数码通信
數位化	数字化
數位圖書館	数字图书馆
數位照相機	数字相机
數位照相機	数码照相机
數位照相機	数码相机
數位相機	数字相机
數位相機	数码照相机
數位相機	数码相机
數位電視	数字电视
數位電視	数码电视
數據來源	数据源
數據機	调制解调器
文件夾	文件夹
文件夾	档案夹
文化園區	文化园
文化大革命	文革
文化大革命	无产阶级文化大革命
文化娛樂活動	文娱
文化水準	文化水平
文化設施	文化宫
文字廣告	软文
文明戲	文明戏
文明戲	话剧
文書處理	文字处理
文藝工作團體	文工团
文藝工作團體	文艺工作团
文革	文化大革命
文革	无产阶级文化大革命
斑馬線	人行横道
斑馬線	斑马线
料理包	调理包
新人類	新新人类
新住民	新入籍的人
新劇	文明戏
新劇	话剧
新型工業園區	经济园
新房	婚房
新房	洞房
新手開車	手潮
新血	新鲜血液
新鮮肉	冷却排酸肉
新鮮肉	排酸肉
斷層掃描	断层扫描
斷層掃描	计算机层析成像
斷層掃描	计算机断层扫描
斷線	掉线
斷貨	断市
斷貨	断档
施子	施主
施工升降機	上料架
旅遊事業	旅游事业
旅遊業	旅业
旅遊業	旅游业
旗艦	指挥舰
旗艦	旗舰
日光浴	太阳浴
日光燈	日光灯
日光燈	荧光灯
日光節約時間	夏令时间
日光節約時間	夏令時
日光節約時間	夏时制
日光節約時間	日光节约时
日光節約時間	经济时
日常生活習慣	穿靴戴帽
日本腦炎	乙脑
日本腦炎	日本脑炎
日本腦炎	流行性乙型脑炎
日焰	太阳耀斑
日焰	耀斑
日照權	阳光权
日用化學	日化
日雜	日杂
早期教育	早教
旺盛	红红火火
明礬	明石
明礬	明矾
明礬	白矾
易開罐	易拉罐
星級評鑑	星评
映像管	显像管
映畫	电影
春季藝術品拍賣會	春拍
春酒	春茗
時程	日程
時間到了	到点
晨練	晨练
普快車	普快车
普普	大众的
普普	普普艺术
普普	波普
普普	波普艺术
普普藝術	普普
普普藝術	普普艺术
普普藝術	波普
普普藝術	波普艺术
普通型高級中等學校	普通高等学校
普通型高級中等學校	普通高级中学
普通型高級中等學校	普高
普通教育	普教
普通高中	普通高等学校
普通高中	普通高级中学
普通高中	普高
晶片	芯片
晶片卡	智能卡
晶片卡	芯片卡
晶片卡	集成电路卡
智囊團	思想库
智囊團	脑库
智慧卡	智能卡
智慧卡	芯片卡
智慧卡	集成电路卡
智慧型	智能型
智慧型手機	智能手机
智慧財產權	知识产权
智慧財產權	自主知识产权
智慧財產權	自有知识产权
智能障礙兒童	低常儿童
暑假	热假
暑假	高温假
暖氣	供暖
暖氣機	暖风机
暖氣設備	水暖
暖身	热身
暗中刁難	穿小鞋
暢銷	俏卖
暢銷	俏销
暢銷	旺销
暢銷	畅销
暴漲	井喷
暴走族	飙车族
曳引機	牵引机
更生人	出狱的人
更生族	出狱的人
書呆子	书篓子
書報攤	报亭
書報攤	报刊亭
書房	写字间
書記官	书记员
曼德琳	曼德林
曼德琳	曼陀林
曼德琳	曼陀琳
曼德琳	曼陀铃
曼陀林	曼德林
曼陀林	曼德琳
曼陀林	曼陀琳
曼陀林	曼陀铃
曼陀琳	曼德林
曼陀琳	曼德琳
曼陀琳	曼陀林
曼陀琳	曼陀铃
曼陀鈴	曼德林
曼陀鈴	曼德琳
曼陀鈴	曼陀林
曼陀鈴	曼陀琳
曼陀鈴	曼陀铃
替代役	替代兵役
最高價	顶价
最高法院	最高人民法院
最高點	峰位
會計師	会计师
月姨	月嫂
月球漫步	太空步
月球漫步	太空漫步
月臺票	月台票
月臺票	站台票
月臺門	屏蔽门
有信用的商店	诚信店
有力	给力
有料	很强
有機蔬菜	无公害蔬菜
有機食品	有机食品
有氧運動	带氧运动
有氧運動	有氧代谢
有氧運動	有氧运动
有線網路	有线网络
有關規定	条条杠杠
有關連的一方	关联方
朋馳	大奔
朋馳	奔驰
期末考	大考
期末考	期终考
期末考	期考
期考	大考
期考	期末考
期考	期终考
木棉	攀枝花
木棉	红棉
未來女婿	毛脚女婿
未盡之言	潜台词
未開墾的荒地	生荒
未開發國家	不发达国家
末班車	末班车
末班車	末车
本勞	本地劳工
本國客人	内宾
本氏液	本立德溶液
本益比	市盈率
杜鵑窩	疯人院
東北季風	东北季候风
東協	东南亚国家联盟
東協	东盟
東協自由貿易區	东盟自由贸易区
東協自由貿易協定	东盟自由贸易协议
東南亞國家協會	东南亚国家联盟
東南亞國家協會	东盟
東道國	东道国
板主	版主
果斷乾脆	铁板钉钉
柏金森氏病	巴金森氏症
柏金森氏病	帕金森氏症
柏金森氏病	帕金森病
柏金森氏病	帕金森综合征
柏金森氏病	帕金森综合症
柏金森氏病	柏金逊症
柏金森氏病	震颤麻痹综合症
柏金遜症	巴金森氏症
柏金遜症	帕金森氏症
柏金遜症	帕金森病
柏金遜症	帕金森综合征
柏金遜症	帕金森综合症
柏金遜症	柏金逊症
柏金遜症	震颤麻痹综合症
染色分體	染色单体
柔軟精	柔软剂
柔軟精	柔顺剂
查哨	查岗
柳丁汁	柳橙汁
柳丁汁	橙子汁
柳丁汁	橙汁
柳橙汁	橙子汁
柳橙汁	橙汁
校園民歌	台湾校园歌曲
校園網路	校园网络
校運	校运会
校運會	校运会
核反應	核反应
核反應堆	原子核反应堆
核反應堆	原子炉
核反應堆	反应堆
核反應堆	反应炉
核反應堆	核反应堆
核反應堆	核子反应炉
核子反應	核反应
核子反應器	原子核反应堆
核子反應器	原子炉
核子反應器	反应堆
核子反應器	反应炉
核子反應器	核反应堆
核子反應器	核子反应炉
核子反應器爐心壽命	堆芯寿期
核子反應器爐心壽命	换料周期
核子反應爐	原子核反应堆
核子反應爐	原子炉
核子反應爐	反应堆
核子反應爐	反应炉
核子反應爐	核反应堆
核子反應爐	核子反应炉
核子戰爭	核战争
核子潛艇	核潜艇
核子爆炸	核爆
核子試爆	核试验
核潛艇	核潜艇
核糖核酸酵素	核酶
核能發電廠	核电厂
核能發電廠	核电站
核能發電廠	核能发电厂
核能發電廠	核能电厂
核能電廠	核电厂
核能電廠	核电站
核能電廠	核能发电厂
核能電廠	核能电厂
核電廠	核电厂
核電廠	核电站
核電廠	核能发电厂
核電廠	核能电厂
格林威治時間	格林尼治时间
桃莉羊	多莉羊
桌上型電腦	台式机
桌上型電腦	台式电脑
桌上型電腦	桌上型电脑
桌上型電腦	桌机
桌上型電腦	桌面电脑
桌機	台式机
桌機	台式电脑
桌機	桌上型电脑
桌機	桌机
桌機	桌面电脑
桌球	乒乓球
桌面電腦	台式机
桌面電腦	台式电脑
桌面電腦	桌上型电脑
桌面電腦	桌机
桌面電腦	桌面电脑
梅花餐	五菜一汤
梗塞	梗死
梗漫	暴漫
梗漫	暴走漫画
條碼	信息码
條碼	条形码
條碼	条码
條碼掃描器	条形码扫描器
條碼掃描器	条码扫描器
條碼閱讀機	条形码扫描器
條碼閱讀機	条码扫描器
條紋密碼	信息码
條紋密碼	条形码
條紋密碼	条码
梭子蟹	枪蟹
梭子蟹	蝤蛑
梳妝臺	梳妆台
梳妝臺	梳理台
梳打餅	克力架
梳打餅	梳打饼
梳打餅	苏打饼
梳打餅	苏打饼干
棉聚酯纖維混紡	棉涤
棉聚酯纖維混紡	棉的确凉
棉聚酯纖維混紡	棉的确良
棉聚酯纖維混紡	涤棉
棒棒腿	鸡翅根
森巴	桑巴
棲地	栖地
棲地	栖息地
棲地	生境
棲息地	栖地
棲息地	栖息地
棲息地	生境
楔子	尖劈
業配文	广告文
概率	几率
概率	或然率
概率	机会率
榮原	蝾螈
榮民	退伍军人
榮民總醫院	荣军医院
榮眷	退伍军人家眷
榮總	荣军医院
榮蚖	蝾螈
榮譽國民	退伍军人
榮譽軍人	荣誉军人
槌球	门球
槍替	打枪
槍替	枪替
槓龜	亏本
槽牙	大牙
槽牙	磨牙
槽牙	臼齿
樓中樓	跃层
標準化石	标准化石
標準化石	标志化石
標準舞	体育舞蹈
標準舞	国标舞
標準舞	国际标准交谊舞
標準舞	国际标准舞
標準舞	标准舞
標示	会徽
標示	会标
標示牌	标牌
標示牌	标示牌
標誌	会徽
標誌	会标
標誌性建築	地标建筑
樣品屋	样板房
樣品屋	样板间
樣帶	样带
樣帶	样条
樣本數	样本数
樣本數	样本量
樹葬	树葬
樹葬	植树葬
橙汁	柳橙汁
橙汁	橙子汁
機上盒	机顶盒
機上盒	解码盒
機制	机制
機制	机理
機率	几率
機率	或然率
機率	机会率
機率	概率
機車	摩托
機車	摩托车
機車停等區	二轮机动车等候区
機車駕照	车本
橡皮	橡皮擦
橡皮圈	橡皮筋
橡皮圈	猴皮筋儿
橡皮圈	猴筋儿
橡皮圈	皮筋
橡皮圈	皮筋儿
橡皮擦	橡皮
橡皮筋	橡皮圈
橡皮筋	猴皮筋儿
橡皮筋	猴筋儿
橡皮筋	皮筋
橡皮筋	皮筋儿
檔案傳輸協定	文件传输协议
檔案夾	文件夹
檔案夾	档案夹
檢查截堵	查堵
檢測筆	表笔
檢疫	检疫
檢舉控告	检控
檢調	检查
檬果	杧果
檬果	芒果
櫃檯	前台
櫃檯	柜台
欄位	字段
次波	剪力波
次等	残次
次等貨	二路货
次級	残次
次達波	剪力波
次達波	次波
欺騙	坑爹
歌仔戲	歌仔戏
歌仔戲	芗剧
歐元	欧元
歐元	欧罗
歐吉桑	叔叔
歐巴桑	大妈
正妹	年轻美女
正字標記	正品标识
正式比賽	正赛
正港	真正的
正犯	实行犯
正點	正点
武裝警察	武装警察
武裝警察	武警
武裝警察	武警部队
武警	武装警察
武警	武警部队
武警部隊	武装警察
武警部隊	武警
武警部隊	武警部队
歧音異義字	破读字
歷歷在目	过电影
歹勢	不好意思
歹命	不好的命运
死刑緩期	死缓
死性不改	特牛
死腦筋	认死理
死薪水	死工资
死薪水	铁工资
殖株	克隆
殘疾人士	残疾人
殘障人士	残疾人
殘障奧林匹克運動會	残奥会
殘障奧林匹克運動會	残疾人奥林匹克运动会
殘障奧林匹克運動會	残疾人奥运会
殘障奧運會	残奥会
殘障奧運會	残疾人奥林匹克运动会
殘障奧運會	残疾人奥运会
殘障者	残疾人
殺價	割价
每秒位元數	每秒传送位数
每秒位元數	比特每秒
每秒位元數	比特秒
每秒傳輸千位元數	每秒千字节
每秒傳輸千位元數	每秒千比特
每秒傳輸的位元數	每秒传送位数
每秒傳輸的位元數	比特每秒
每秒傳輸的位元數	比特秒
每秒千位元數	每秒千字节
每秒千位元數	每秒千比特
毒品犯罪案件	毒案
比擬	比拟
比腕力	掰腕子
比薩	比萨
比薩	比萨饼
毛海	马海
毛海	马海毛
毛織品	毛活
毛聚酯纖維混紡	毛涤
毛聚酯纖維混紡	涤毛
毛胚屋	毛坯房
民事責任	民事责任
民事轉刑事	民转刑
民族區域自治制度	民族区域自治
氟氯烷	氟利昂
氟氯碳化合物	氯氟碳化物
氟氯碳化物	氯氟碳化物
氣墊船	气垫船
氣墊船	腾空船
氧氣療法	氧气疗法
氧氣療法	氧疗
氧療	氧气疗法
氧療	氧疗
水上芭蕾	花样游泳
水力發電廠	水电站
水噹噹	漂亮
水手服	海魂衫
水果茶	果茶
水桶包	马桶包
水污染防治法	水法
水田	水地
水田	水浇地
水耕	水培
水銀燈	水银灯
水銀燈	汞灯
水電工	水暖工
水面艦艇	水面舰
永夜	极夜
永續城市	生态城市
汗衫	汗背心
池堂	池塘
池堂	池汤
池堂	浴池
池湯	池堂
池湯	池塘
池湯	池汤
池湯	浴池
決標	决标
決標	定标
汽機車	汽摩
汽機車廢氣	尾气
汽油彈	凝固汽油弹
汽油彈	汽油弹
汽油彈	纳磅弹
汽泡酒	汽酒
汽車旅館	汽车旅馆
汽車配件	汽配
汽車零件	汽配
汽車駕駛訓練班	驾校
沐浴乳	浴液
沐浴機	沐浴机
沐浴露	浴液
沒戲唱	歇菜
沒本事	吃干饭
沒路用	没有用
沒道理的話	昏话
沖泡式飲品	固体饮料
沖泡飲品	固体饮料
沙丘	沙包
沙拉	沙律
沙拉	色拉
沙拉油	色拉油
沙發	软椅
油切	减少脂肪吸收
油國組織	欧佩克
油國組織	石油输出国家组织
油國組織	石油输出国组织
油壓剪	液压剪
油電混合車	油电混合动力车
油電混合車	油电车
油電車	油电混合动力车
油電車	油电车
油頭	背头
治理沙漠	治沙
治理黃河	治黄
泄底	兜底
法則	硬道理
法國麵包	法国面包
法國麵包	法式长棍面包
法國麵包	长法棍
法式長棍麵包	法国面包
法式長棍麵包	法式长棍面包
法式長棍麵包	长法棍
法律援助	法援
泛綠	泛绿联盟
泛藍	泛蓝联盟
泡麵	即食面
泡麵	快熟面
泡麵	快速面
泡麵	快餐面
泡麵	方便面
泡麵	泡面
波以耳定律	玻意耳定律
注意力缺陷過動症	多动症
泵	唧筒
泵浦	唧筒
泵浦	泵
洋白菜	包心菜
洋白菜	卷心菜
洋白菜	圆白菜
洋白菜	甘蓝
洋白菜	甘蓝菜
洋白菜	结球甘蓝
洋白菜	莲花白
洋芋	土豆
洋芋	山药蛋
洋芋	马铃薯
洋芋片	土豆片
洋芋片	薯片
洗手間	便所
洗手間	卫生间
洗手間	厕所
洗手間	洗手间
洗板	刷屏
洗板	洗屏
洗澡機	沐浴机
洗版	刷屏
洗版	洗屏
洗面乳	洗面奶
洞房	婚房
洞房	新房
洞洞鞋	花园鞋
津貼	岗位津贴
洲際導彈	洲际导弹
洲際飛彈	洲际导弹
活動	动换
活豬	生猪
洽公	商量公事
洽詢	咨询
派恩脫	品脱
流動攤販	游商
流動電視	移动电视
流行性傳染病調查	流调
流行語	热词
流行語	酷语
浬	海里
浮動工資	活工资
浮動工資	浮动工资
浮游選礦	浮选
浴池	池堂
浴池	池塘
浴池	池汤
海協會	海协会
海外就業	境外就业
海拔	拔海
海拔	海拔高度
海拔	绝对高度
海拔高度	拔海
海拔高度	海拔
海拔高度	绝对高度
海歸	海归
海歸	海归派
海歸派	海归
海歸派	海归派
海浬	浬
海浬	海里
海盜	海匪
海盜	海盗
海芋	马蹄莲
海里	浬
浸塗	涂渍
消協	消协
消基會	消費者协会
消火器	灭火器
消費流水帳	豆腐账
消費者文教基金會	消費者协会
消費者物價指數	居民消费价格指数
消費者物價指數	消费者价格指数
消費者物價指數	消费者物价指数
消防栓	消火栓
消除仇怨	解扣子
消音器	消声器
涉外事務機構	外办
液化瓦斯	液化气
液晶投影器	液晶投影仪
液晶投影器	液晶投影机
液晶投影機	液晶投影仪
液晶投影機	液晶投影器
液晶投影機	液晶投影机
涼傘	凉伞
涼傘	旱伞
涼傘	阳伞
涼開水	凉开水
涼開水	凉白开
深喉嚨	深喉
深色太陽眼鏡	黑超
混合媒體	多介质
混合媒體	多媒体
混合媒體	混合媒体
混合式游泳	混合泳
混為一談	一锅煮
清查核對資產	清产核资
清潔	保洁
清潔	搞卫生
清潔能源	洁能
清除危險	排险
清除爆炸物	排爆
清點費	清点费
減塑	减塑
減肥	纤体
減肥瘦身	纤体
減震鞋	减震鞋
測溫機	探温器
測溫機	探温机
測溫機	探热机
測溫機	测温机
測溫機	热像仪
港警	香港警察
游標	光标
游標	游标
湖泊	淖尔
湯劑	水剂
湯劑	汤剂
湯劑	汤药
湯劑	煎剂
湯藥	水剂
湯藥	汤剂
湯藥	汤药
湯藥	煎剂
準女婿	毛脚女婿
準點	准点
準點	正点
溜冰場	旱冰场
溜冰場	溜冰场
溜溜球	悠悠球
溫習功課	温课
滅火器	灭火器
滑輪溜冰	轮滑
滑輪鞋	旱冰鞋
滑輪鞋	滑轮鞋
滑輪鞋	轮滑鞋
滑雪服	滑雪衫
滑雪衣	滑雪衫
滑雪裝	滑雪衫
滑鼠	鼠标
滑鼠	鼠标器
滑鼠手	鼠标手
滾動式螢幕	滚屏
滿堂紅	长红
滿堂紅	飘红
滿師	出师
滿師	出徒
滿師	出道
滿師	满师
滿點	满点
演藝人員	演职人员
演藝人員	演艺人员
漢堡	汉堡
漢堡	汉堡包
漢語顯示	汉显
漫畫	小人书
漫畫	小人儿书
漫畫書	小人书
漫畫書	小人儿书
潘他唑新	喷他佐辛
潘他唑新	镇痛新
潛在業績	潜绩
潛盾機	盾构机
激勃素	赤霉素
激勃酸	赤霉酸
瀏海	刘海
瀏海	刘海儿
瀏海	留海
火候不夠	欠火
火力發電廠	火电站
火星塞	火花塞
火炕	盘炕
火燒屁股	火上房
火環	太平洋火圈
火環	太平洋火山带
火環	火环
火環	环太平洋火圈
火環	环太平洋火山带
炊事	红案
炊事	菜案
炊事員	炊事员
炒房	炒楼
炕	盘炕
炫富	冒富
炫耀	显摆
烈士家屬	烈属
烏腳病	四肢坏死
烏龍茶	乌龙茶
烏龍茶	青茶
烹煮	红案
烹煮	菜案
烹調	红案
烹調	菜案
烹飪	红案
烹飪	菜案
無名帖	无名帖
無名帖	黑帖
無性婚姻	无性婚
無性婚姻	无性婚姻
無手機焦慮症	无手机焦虑
無業遊民	无产者
無殼蝸牛	无房一族
無灰粉筆	无尘粉笔
無煙囪工業	无烟工业
無煙工業	无烟工业
無產階級文化大革命	文化大革命
無產階級文化大革命	文革
無產階級文化大革命	无产阶级文化大革命
無線市話	小灵通
無線滑鼠	无线鼠标
無線網路	无线网络
無線電話	大哥大
無線電話	手机
無線電話	无线电话
無線電話	无绳电话
無線電話	移动电话
無路用	没有用
焦點新聞	沸点新闻
焦點新聞	焦点新闻
煎劑	水剂
煎劑	汤剂
煎劑	汤药
煎劑	煎剂
煙毒勒戒所	戒毒中心
煙毒勒戒所	戒毒所
煙火	礼花
照相館	彩扩店
照相館	影楼
煩悶	闹心
煽情作品	知音体
熊貓	大熊猫
熊貓	熊猫
熊貓	猫熊
熨衣板	烫衣板
熨馬	烫衣板
熨馬	熨衣板
熱力學溫標	开氏温标
熱力學溫標	热力学温标
熱力學溫標	绝对温标
熱播電視劇	热剧
熱氣層	增温层
熱氣層	暖层
熱氣層	热层
熱氣層	热成层
熱氣層	热气层
熱賣	俏卖
熱賣	俏销
熱身	热身
熱銷	俏卖
熱銷	俏销
熱銷產品	拳头产品
熱銷產品	拳头商品
熱門商品	热门商品
熱門商品	紧俏商品
熱電	热电
燃料裝填週期	堆芯寿期
燃料裝填週期	换料周期
燃燒彈	烧夷弹
燃燒彈	燃烧弹
燃燒彈	纵火弹
燈具組	组灯
燈泡	泡子
燒夷彈	烧夷弹
燒夷彈	燃烧弹
燒夷彈	纵火弹
燒烤店	串吧
燒烤店	烧烤吧
燒烤店	烧烤店
燒錄	刻录
燒錄	烧录
燒錄機	光盘刻录机
燒錄機	刻录机
燙衣板	烫衣板
燙衣板	熨衣板
燙馬	烫衣板
燙馬	熨衣板
燙髮	烫发
燙髮	烫头
營利事業登記證	企业工商执照注册号
營業額	生意额
營造業	建筑业
營運	营运
營運	运营
營運長	运营官
營運長	首席运营官
營養強化食品	强化食品
營養強化食品	营养强化食品
燭	坎
燭	坎德拉
燭	烛
燭	烛光
燭光	坎
燭光	坎德拉
燭光	烛
燭光	烛光
燴飯	烩饭
爆文	热帖
爆裂物	爆炸物
爐主	祭祀负责人
爐具	燃具
爐條	炉条
爐橋	炉条
爛尾工程	半拉子工程
爛尾工程	尾巴工程
爛尾工程	胡子工程
爛尾建築	半拉子工程
爛尾建築	尾巴工程
爛尾建築	胡子工程
爭光	作脸
爭口氣	置气
爭氣	作脸
爭辯	顶杠
片語	短语
片語	词组
版主	板主
版大	板主
版大	版主
版模	模板
牙釉質	珐琅质
牙釉質	釉质
牛奶糖	奶糖
牛肉場	色情表演舞台秀
牛脾氣	特牛
牛腦海綿狀病變	疯牛病
牛頭班	差生班
物理治療師	康复师
物理治療師	物理治疗师
物理治療師	理疗师
特休	年休假
特休	年假
特別休假	年休假
特別休假	年假
特別行動隊	别动队
特別行政區行政長官	特首
特別護士	特殊护理护士
特別關照	炒小锅菜
特技體操	技巧
特技體操	技巧运动
特殊奧林匹克運動紀念日	特奥日
特殊待遇	小锅菜
特殊護理	特护
特洛伊木馬	特洛伊木马
特洛伊木馬程式	特洛伊木马程序
特洛依木馬	特洛伊木马
特種考試	公务员考试
特種行業	特业
特種行業	特种行业
特種行業	特行
特種警察	特种警察
特種警察	特警
特級護理	特护
特考	公务员考试
特色菜餚	特菜
特長生	特长生
牽引機	牵引机
牽線	牵头
牽線	牵线
犧牲節	古尔邦节
犧牲節	宰牲节
犧牲節	尔德节
犧牲節	牺牲节
狂牛症	疯牛病
狗爬式游泳	狗刨
猜題	压题
猜題	押题
猜題	猜题
猶豫不決	二乎
獎金	效益工资
獨生子	独苗
獨立國協	独联体
獨立營養生物	独立营养生物
獨立營養生物	生产者
獨立營養生物	自养生物
獲得性免疫缺陷症候群	后天免疫不全症候群
獲得性免疫缺陷症候群	后天免疫缺乏症候群
獲得性免疫缺陷症候群	爱滋病
獲得性免疫缺陷症候群	获得性免疫缺陷综合征
獸力車	兽力车
獸力車	畜力车
玻璃圈	同志圈
珠穆朗瑪峰	珠峰
珠穆朗瑪峰	珠穆朗玛峰
班導	班主任
班導	级任
班導師	班主任
班導師	级任
現代劇	现代戏
球評	球评
球面方程式	球面方程
理容院	理发店
理清脈絡	摸脉络
理療師	康复师
理療師	物理治疗师
理療師	理疗师
理賠服務中心	理赔站
琺瑯質	珐琅质
琺瑯質	釉质
瑕疵品	残品
瑕疵品	残次品
環保標章	环保标识
環境品質	环境品质
環境品質	环境质量
環境標誌	环境标志
環境標誌	绿色标志
環境負載力	环境承载力
環境難民	环境难民
環境難民	生态难民
環太平洋火圈	太平洋火圈
環太平洋火圈	太平洋火山带
環太平洋火圈	火环
環太平洋火圈	环太平洋火圈
環太平洋火圈	环太平洋火山带
環太平洋火山帶	太平洋火圈
環太平洋火山帶	太平洋火山带
環太平洋火山帶	火环
環太平洋火山帶	环太平洋火圈
環太平洋火山帶	环太平洋火山带
環道	环路
瓦斯桶	液化气罐
瓦斯桶	煤气罐
瓦斯爐	炉盘
瓦斯爐	燃气灶
瓦斯車	天然气汽车
瓦斯鋼瓶	液化气罐
瓦斯鋼瓶	煤气罐
甄試	甄选考试
甘拜下風	认衰
甘油三酸酯	三酸甘油酯
甘油三酸酯	甘油三酯
甘知影	可知道
甘胺酸	氨基乙酸
甘胺酸	甘氨酸
甘薯	地瓜
甘薯	番薯
甘薯	白薯
甘薯	红苕
甘薯	红薯
甘薯	蕃薯
甘藍	包心菜
甘藍	卷心菜
甘藍	圆白菜
甘藍	洋白菜
甘藍	甘蓝
甘藍	甘蓝菜
甘藍	结球甘蓝
甘藍	莲花白
甘藍菜	包心菜
甘藍菜	卷心菜
甘藍菜	圆白菜
甘藍菜	洋白菜
甘藍菜	甘蓝
甘藍菜	甘蓝菜
甘藍菜	结球甘蓝
甘藍菜	莲花白
甜橙	广柑
甜食	糖食
生命科學	生命科学
生命科學	生物学
生啤	扎啤
生啤	生啤酒
生啤	鲜啤
生啤	鲜啤酒
生啤酒	扎啤
生啤酒	生啤
生啤酒	鲜啤
生啤酒	鲜啤酒
生存競爭	生存斗争
生存競爭	生存竞争
生態文明	生态文明
生態群	生态群
生態食品	生态食品
生技	生物技术
生技	生物科技
生活品質	生存质量
生活品質	生活质量
生活水平	生活水准
生活水平	生活程度
生活水準	生活水准
生活水準	生活水平
生活水準	生活程度
生活趣聞	生活秀
生涯規劃	生涯规划
生涯規劃	生涯设计
生漆	国漆
生漆	土漆
生漆	大漆
生物學	生命科学
生物學	生物学
生物時鐘	生物节律
生物時鐘	生物钟
生物晶片	生物芯片
生物科技	生技
生物科技	生物技术
生物節律	生物节律
生物節律	生物钟
生物群聚	生态群
生物群集	生态群
生理時鐘	生物节律
生理時鐘	生物钟
生理食鹽水	生理盐水
生產力	生产力
生產力	社会生产力
生產工具	劳动工具
生產工具	生产工具
生產者	独立营养生物
生產者	生产者
生產者	自养生物
生科	生命科学
生科	生物学
生飲水	直饮水
生鮮蔬菜	净菜
生鮮蔬菜	新鲜消毒蔬菜
產品標示	明码标价
產量穩定	稳产
用戶介面	用户界面
用戶界面	用户界面
用戶親和介面	友好用户界面
用武力劫持	骑劫
用飛機播撒種子	飞播
用餐	就餐
用餐時刻	饭口
田埂	土埂
田埂	地埂
田埂	地埂子
田埂	田垄
田壟	土埂
田壟	地埂
田壟	地埂子
田壟	田垄
田壟	田埂
田間管理	田管
甲基安非他命	冰毒
甲基安非他命	大力丸
甲基安非他命	甲基安非他明
甲基安非他命	甲基苯丙胺
甲基苯丙胺	冰毒
甲基苯丙胺	大力丸
甲基苯丙胺	甲基安非他命
甲基苯丙胺	甲基安非他明
界面活性劑	表面活性剂
畏縮	二乎
留海	刘海
留海	刘海儿
留級	留班
留級	留级
留級	蹲班
留言	跟帖
番石榴	鸡矢果
番茄	蕃茄
番茄	西红柿
番薯	地瓜
番薯	甘薯
番薯	白薯
番薯	红苕
番薯	红薯
番薯	蕃薯
異戊巴比妥	异戊巴比妥
異種雜交	串种
異種雜交	异种杂交
當地旅行社	地接社
當掉	不及格
當機	死机
疝氣	小肠串气
疝氣	疝气
疫病	病疫
病假	病休
症候群	综合征
瘦身	纤体
癥結點	纽结点
癸字戳	集邮日戳
登入	登录
登台表演	出台
登山車	山地车
登山車	登山车
登機室	候机室
登機橋	廊桥
登機橋	登机廊桥
登機橋	登机桥
登機橋	空桥
登機證	登机卡
登機證	登机牌
登機證	登机证
登機門	登机口
登記婚	结婚登记
登陸艦	登陆舰
發生衝突	顶牛
發生衝突	顶牛儿
發表政策	出台
發財車	发财车
發電廠	发电厂
發電廠	发电站
發電廠	电厂
發電廠	电站
白化病	白化症
白化病	羊白头
白化症	白化病
白化症	羊白头
白子	白化病
白子	白化症
白子	羊白头
白牌車	黑车
白目	白痴
白礬	明石
白礬	明矾
白礬	白矾
白薯	地瓜
白薯	甘薯
白薯	番薯
白薯	红苕
白薯	红薯
白薯	蕃薯
白袍	白大褂
皇糧	皇粮
皮膚炎	皮炎
盒飯	盒饭
盛鋼桶	钢包
監理所	监理所
監理所	车管所
監理所	车辆管理所
監理站	车管所
監理站	车辆管理所
監視器	电子眼
監視器	电眼
監視器	监视器
盤跌	盘跌
盤跌	阴跌
目錄	功能表
目錄	菜单
目錄	选单
盲人學校	盲人学校
盲胞	盲人
直排輪	单排轮滑
直排輪	直排轮
直立式	立式
直立式機種	柜机
相冊	影集
相冊	相簿
相簿	影集
相簿	相冊
省吃儉用	挤牙缝
看守所	收容所
看護	护工
看護工	护工
看點	看点
真主	安拉
眼色	眼风
睡眠呼吸中止症	睡眠呼吸暂停综合征
睡眠呼吸中止症	睡眠窒息症
睡眠呼吸中止症候群	睡眠呼吸中止症
睡眠呼吸中止症候群	睡眠呼吸暂停综合征
睡眠呼吸中止症候群	睡眠窒息症
睡眠呼吸暫停症候群	睡眠呼吸中止症
睡眠呼吸暫停症候群	睡眠呼吸暂停综合征
睡眠呼吸暫停症候群	睡眠窒息症
睡眠窒息症	睡眠呼吸中止症
睡眠窒息症	睡眠呼吸暂停综合征
督工	监工
瞎扯	侃大山
瞎扯	扯闲篇
瞎扯	放瞎炮
短訊息	短信
短訊息	短信息
短訊息	短消息
短訊息	短讯息
短語	短语
短語	词组
石油輸出國家組織	欧佩克
石油輸出國家組織	石油输出国家组织
石油輸出國家組織	石油输出国组织
石油輸出國組織	欧佩克
石油輸出國組織	石油输出国家组织
石油輸出國組織	石油输出国组织
石綿	石棉
矽晶片	硅晶片
矽橡膠	硅橡胶
矽片	硅片
矽肺	硅肺
矽膠	硅胶
矽藻	硅藻
矽谷	硅谷
矽酸鹽	硅酸盐
矽鋼	硅鋼
砂石車	泥头车
砂石車	渣土车
砂石車	砂石车
砈	砹
砌牆	起墙
研究所	研究生院
破盤價	破冰价
破盤價	破盘价
破音字	破读字
硬喬	用强硬手段处理
硬實力	硬力量
硬實力	硬实力
硬幣	硬币
硬幣	钢镚儿
硬幣	钢镚子
硬幣	镚子
硬性射門	浪射
硬性投籃	浪射
硬性規定	硬指标
硬性規定	硬目标
硬碟	存盘
硬碟	硬盘
硬碟	硬磁盘
硬碟驅動器	硬驱
硬體	硬件
硬體	硬设备
硬體環境	硬环境
碗公	海碗
碟片	光盘
碟片	影碟
碟片	激光视盘
碟片	视盘
碟片	视频光盘
確認鍵	回车
確認鍵	回车键
磁帶隨身聽	单放机
磁浮列車	磁悬浮列车
磁浮列車	磁浮列车
磁碟	磁盘
磁碟作業系統	磁盘操作系统
礦務局	矿务局
社區	住宅小区
社區	小区
社區管委會	居委会
社區管委會	居民委员会
社區管理委員會	居委会
社區管理委員會	居民委员会
社團法人	非企业法人
社會保險	社会保险
社會保險	社保
社會安全	社安
社會情況	社情
社會青年	社会青年
社群網站	社交网站
神舟太空船	神舟
票房	片房
禁得起考驗	过得硬
禁得起考驗	过硬
福利機構	福利院
福建省	海峡西岸
福爾馬林	福尔马林
福馬林	福尔马林
禮券	代币券
禮券	代金券
禮券	礼券
禮賓人員	礼仪小姐
禮賓小姐	礼仪小姐
禮賓親善大使	礼仪小姐
私人工作	私活儿
私校	民校
私立學校教師	民办教师
私立學校老師	民办教师
科克斯板塊	科科斯板块
科克斯板塊	科科板块
科學技術	第一生产力
科學研究院	科学院
科學記法	科学计数法
科技	第一生产力
科技大學	职业大学
移動型氣象監測車	追风车
移動式家居用品	软装
移動式家居用品	软装修
移動監測車	追风车
移動硬碟	移动硬盘
移動電視	移动电视
移植排斥	免疫排异反应
稅單	税单
稅票	税单
稅票	税票
程式員	程序员
程式控制	程序控制
程式控制	程控
程式設計	程序设计
程式語言	程序设计语言
程式語言	程序语言
程式語言	编程
程式語言	编程语言
程控	程序控制
稜柱	棱柱
稜錐	棱锥
稜錐	棱锥体
稜錐體	棱锥
稜錐體	棱锥体
種植蔬菜的土地	菜地
積體電路	集成块
積體電路	集成电路
空中大學	电大
空中大學	电视大学
空中少爺	空中先生
空中少爺	空中少爷
空中少爺	空哥
空中少爺	空少
空中巴士	空中客车
空中巴士	空客
空中巴士	空巴
空地稅	土地闲置税
空大	电大
空大	电视大学
空少	空中先生
空少	空中少爷
空少	空哥
空巴	空中客车
空巴	空中巴士
空巴	空客
空擋	空挡
空服	空乘
空橋	廊桥
空橋	登机廊桥
空橋	登机桥
空橋	空桥
空檔	空挡
空檔	空档
空殼公司	皮包公司
空殼公司	空壳公司
空氣品質	空气质量
空氣汙染指標	空气污染指数
空話	假大空
空頭公司	皮包公司
空頭公司	空壳公司
空頭支票	空头支票
穿幫	穿崩
穿幫	穿帮
穿幫	穿煲
穿幫	穿绷
突擊審訊	突审
突擊隊	别动队
突破終點線	撞线
窄裙	一步裙
窄頻帶	窄带
窩心	窝心
竊盜案	盗窃案
立可白	修正液
立可白	涂改液
立委	立法委员
立方公尺	立方
立方公尺	立方米
立方米	立方
立方米	立方公尺
立法委員	立法委员
立體聲	立体声
立體身歷聲	立体声
站台	补台
站衛兵	站岗
童子雞	童子鸡
童子雞	笋鸡
童玩	儿童玩具
競速滑冰	速度滑冰
競速滑冰	速滑
笛摩根法則	德摩根法则
笨	很二
第一期作物	头茬
第一級產業	初级产业
第一級產業	第一产业
第一級產業	第一级产业
第三人責任保險	三责险
第三人責任險	三责险
第三級產業	三产
第三級產業	第三产业
第三級產業	第三级产业
第二外語	二外
第二級產業	第二产业
第二級產業	第二级产业
第二職業	第二职业
第六感	第六感官
第六感	第六感觉
第四權	第四权
第四權	第四权力
第四級產業	第四产业
第四級產業	第四级产业
筆記型電腦	手提电脑
筆記型電腦	笔记本
筆記型電腦	笔记本电脑
筆電	手提电脑
筆電	笔记本
筆電	笔记本电脑
等候線	一米线
等待線	一米线
答案卷	答卷
算帳	算后账
管路系統	管网
箱網	网箱
箱網養殖	网箱养殖
節水墊片	节水环
節能減碳	节能减排
篩檢	筛查
篩檢	筛检
簡易人身保險	简易人身保险
簡易人身保險	简身险
簡訊	短信
簡訊	短信息
簡訊	短消息
簡訊	短讯息
簽名銷售	签售
簽帳金融卡	借记卡
簽帳金融卡	扣账卡
籃圈	篮圈
籃圈	篮筐
籃框	篮圈
籃框	篮筐
籃球賽事彩券	篮彩
米粉	米面
米袋	米袋子
米酒頭	米酒
米香	米通
米香	米香饼
米香餅	米通
米香餅	米香
米香餅	米香饼
粉絲	拥趸
粗茶淡飯	大路菜
粗茶淡飯	粗菜
精品旅遊	精品游
精準農業	精准农业
精準農業	精确农业
精神官能症	神经官能症
精神官能症	神经症
精神暴力	软暴力
精神症	神经官能症
精神症	神经症
精神症	精神官能症
糖漿	糖稀
糖衣炸彈	糖弹
糖衣炸彈	糖衣炮弹
糯米紙	江米纸
糯米紙	糯米纸
系列電影	系列片
系列電視劇	电视系列片
系列電視劇	系列剧
系統軟體	系统软件
糾正不良風氣	纠风
紀律檢查	纪检
紅不讓	全垒打
紅不讓	本垒打
紅單	罚单
紅棉	攀枝花
紅棉	木棉
紅棉	红棉
紅薯	地瓜
紅薯	甘薯
紅薯	番薯
紅薯	白薯
紅薯	红苕
紅薯	红薯
紅薯	蕃薯
紅血球	红细胞
紅血球	红血球
紅血球生成素	红细胞生成素
納吾肉孜節	肉孜节
紐澤西護欄	新泽西式护栏
紐澤西護欄	新泽西护栏
純合子	纯合子
純水	纯净水
紙尿褲	尿不湿
紙尿褲	纸尿裤
級任	班主任
級任	级任
級任導師	班主任
級任導師	级任
細麻繩	麻经
細麻繩	麻经儿
終身俸	退役军人终身领取的钱
組合屋	活动板房
組合屋	移动屋
組合語言	汇编语言
結夥作案的罪犯	伙犯
結婚	领证
結球甘藍	包心菜
結球甘藍	卷心菜
結球甘藍	圆白菜
結球甘藍	洋白菜
結球甘藍	甘蓝
結球甘藍	甘蓝菜
結球甘藍	结球甘蓝
結球甘藍	莲花白
絕對溫標	开氏温标
絕對溫標	热力学温标
絕對溫標	绝对温标
絕對高度	拔海
絕對高度	海拔
絕對高度	海拔高度
絕對高度	绝对高度
給予特殊待遇	开小灶
絨毛服	绒衣
統一發票	有奖发票
統一資源定位器	统一资源定位器
統一資源定位器	统一资源定位地址
統一資源定位器	统一资源定位符
統一資源定位符	统一资源定位器
統一資源定位符	统一资源定位地址
統一資源定位符	统一资源定位符
經建	经济建设
經濟特區	经济特区
經濟犯罪偵查	经侦
經紀人	穴头
綠化	披绿装
綠色標章	环境标志
綠色標章	绿色标志
綠色標誌	环境标志
綠色標誌	绿色标志
綠色能源	洁能
綠色軟體	可携式软件
綠色軟體	绿色软件
綠花椰菜	绿菜花
綠花椰菜	西兰花
綠花椰菜	青花菜
綠花菜	绿菜花
綠花菜	西兰花
綠花菜	青花菜
綠菜花	绿菜花
綠菜花	西兰花
綠菜花	青花菜
綠軍	泛绿联盟
維持社會秩序穩定	维稳
網上購物	网上购物
網上購物	网络购物
網上購物	网购
網劇	网剧
網劇	网络剧
網卡	网卡
網卡	网络卡
網友	网友
網友	网民
網咖	网吧
網拍	网拍
網拍	网络拍卖
網站	站点
網站	网站
網編	网络编辑
網編	网编
網誌	网志
網誌	网络日志
網誌	网络日记
網調	在线调查
網調	网调
網購	网上购物
網購	网络购物
網購	网购
網路	网络
網路	联网
網路劇	网剧
網路劇	网络剧
網路化	网络化
網路卡	网卡
網路卡	网络卡
網路學校	网校
網路學校	网络学校
網路拍賣	网拍
網路拍賣	网络拍卖
網路攝影機	网络摄像头
網路攝影機	网络摄影机
網路教育	网络教育
網路文學	网络文学
網路日誌	网志
網路日誌	网络日志
網路日誌	网络日记
網路書店	网上书店
網路沉溺症	网络综合征
網路版	网络版
網路犯罪	网络犯罪
網路症候群	网络综合征
網路經濟	网络经济
網路綜合症	网络综合征
網路編輯	网络编辑
網路編輯	网编
網路美女	网络美女
網路聊天	网聊
網路蟑螂	玉米虫
網路蟑螂	网络蟑螂
網路行銷	网络营销
網路語言	网络语言
網路語言	网语
網路警察	网络警察
網路警察	网警
網路購物	网上购物
網路購物	网络购物
網路購物	网购
網路遊戲	在线游戏
網路遊戲	线上游戏
網路遊戲	网游
網路遊戲	网络游戏
網路選美	网络选美
網路醫生	网医
網路銀行	网上银行
網路銀行	网络银行
網路銀行	网银
網路電腦	网络计算机
網路電話	互联网电话
網路電話	网上电话
網路電話	网络电话
網遊	在线游戏
網遊	线上游戏
網遊	网游
網遊	网络游戏
網銀	网上银行
網銀	网络银行
網銀	网银
網間網路作業系統	网间网络操作系统
網際網路	互联网
網際網路	因特网
網際網路協定	因特网互联协议
網際網路協定	网络通讯协议
網際網路電話	互联网电话
網際網路電話	网上电话
網際網路電話	网络电话
緊急停車彎	应急停车带
緊急停車彎	紧急停车道
緊急救護	抢险
緊急電話	求助机
線上問卷	网上问卷
線上調查	在线调查
線上調查	网调
線上遊戲	在线游戏
線上遊戲	线上游戏
線上遊戲	网游
線上遊戲	网络游戏
編譯器	编译器
編譯器	编译程序
編譯程式	编译器
編譯程式	编译程序
練習	练手
縮水	抽水
縮水	缩水
總工會	总工会
總收入	总收入
總收入	毛收入
繼承法	继承法
續攤	下一轮聚餐
續聘	续聘
續聘	连聘
纜線數據機	电缆调制解调器
纜線數據機	线缆调制解调器
纜線數據機	线缆调变解调器
缺水	贫水
缺編	缺编
缺血性腦中風	缺血性脑中风
缺血性腦中風	脑梗塞
缺血性腦中風	脑梗死
缺貨	缺货
缺貨	脱销
罐子	听子
罐裝	听装
罐裝	罐装
罐裝啤酒	听啤
罐裝啤酒	听装啤酒
罐裝啤酒	罐装啤酒
罕見蔬菜	特菜
置入式廣告	嵌入式广告
置入式廣告	植入式广告
置入式廣告	隐性广告
置入性廣告	软广告
罰鍰	罚款
罷教	罢教
罷課	罢教
羅曼史	罗曼史
羅曼史	罗曼司
羊水	胞浆水
美勞	美术劳动课
群殖	克隆
群眾路線	群众路线
義交	交通义警
義勇交通警察	交通义警
義務教育	义教
義大利語	意大利语
義工	义务工
義工	义工
義工	志愿者
義氣	局器
義氣	局气
義警	协警
義警	协警员
羽毛衣	羽绒服
羽毛衣	羽绒衣
羽絨服	羽绒服
羽絨服	羽绒衣
羽絨衣	羽绒服
羽絨衣	羽绒衣
翹家	离家出走
翹班	翘班
翹翹板	压板
翹翹板	翘翘板
翹翹板	跷跷板
翹課	逃课
耀斑	太阳耀斑
老人公寓	老年公寓
老人痴呆症	早老性痴呆
老人癡呆症	早老性痴呆
老年人	银龄
老花眼	老光
老花眼	老视
老麵	酵子
考古題	真题
考場	考点
考照	考证
耐隆	尼龙
耐隆	锦纶
耕耘機	耕耘机
耨儒孜節	肉孜节
耳洞	耳朵眼儿
耳道	外听道
耳道	外耳道
耳道	耳朵眼儿
耳邊風	吹耳边风
耶誕節	圣诞节
耽誤工作	误工
聊天	闲侃
聖女現象	反厄尔尼诺现象
聖女現象	拉尼娜
聖女現象	拉尼娜现象
聖女番茄	圣女果
聖嬰	厄尔尼诺
聖嬰	厄尔尼诺现象
聖嬰	圣婴
聖嬰	圣婴现象
聖嬰	艾尼纽
聖嬰現象	厄尔尼诺
聖嬰現象	厄尔尼诺现象
聖嬰現象	圣婴
聖嬰現象	圣婴现象
聖嬰現象	艾尼纽
聖母峰	珠峰
聖母峰	珠穆朗玛峰
聖誕節	圣诞节
聚合作用	聚合反应
聚斂性思考	聚合思维
聚斂性思考	辐合思维
聚落	居民点
聚酯纖維	涤纶
聚酯纖維	聚酯纤维
聯保	联保
聯合收割機	康拜因
聯合收割機	联合收割机
聯合調解	联调
聯合貸款	银团贷款
聯歡會	联欢会
聯結車	拖挂车
聯絡簿	联系本
聯貸	联贷
聯貸	银团贷款
職場液態族	一直换工作的人
職業介紹	职介
職稱	职称
職等	职位等级
聽力	耳音
聽小報告	听小汇报
聽筒	听筒
聽筒	耳机
聽證會	听证会
聾啞學校	聋哑学校
聾胞	聋子
肉燥	卤肉
肉禽	菜禽
肝功能	肝功
股王	最高股价的股票
肢體語言	体态语
肢體語言	肢体语言
育幼院	保育院
育幼院	孤儿院
育樂	教育与娱乐
背包客	背囊客
背叛出賣	叛卖
背地說人壞話	上眼药
背後議論他人	指脊梁骨
背心	汗背心
胖卡	移动餐车
胖手指	乌龙指
胚層	胚叶
胚層	胚层
胡拉圈	呼拉圈
胸罩	乳罩
胸罩	奶罩
胸罩	文胸
胸腔科	胸科
胺基酸	氨基酸
能源利用效率	能效
脫帽	免冠
脫產	脱产
脫線	脱线
脫離文盲	脱盲
腦力激盪	头脑风暴
腦力激盪	脑力激荡
腦梗塞	缺血性脑中风
腦梗塞	脑梗塞
腦梗塞	脑梗死
腦死	脑死亡
腦波圖	脑电图
腦電圖	脑电图
腳底按摩店	浴足店
腳底按摩店	脚沐店
腳底按摩店	足沐店
腳底按摩店	足浴店
腳脖子	脚脖子
腳脖子	脚颈子
腳踏車	单车
腳踏車	脚踏车
腳踏車	自行车
腹脅肉	囊揣
腹脅肉	囊膪
膠膜	塑封
膽小怕事	下软蛋
膽小鬼	熊包
臂章	袖标
臂章	袖章
臥具	卧具
臥具	寝具
臥具	床品
臨時演員	临记
臨時演員	群众演员
臨檢	临检
自助旅行	自助旅游
自助旅行	自助游
自助旅遊	自助旅游
自助旅遊	自助旅行
自助旅遊	自助游
自助旅遊者	驴友
自動扶梯	手扶梯
自動扶梯	步行电梯
自動扶梯	滚梯
自動扶梯	电动扶梯
自動扶梯	电扶梯
自動扶梯	自动扶梯
自動擋	自动挡
自動擋	自排
自動檔	自动挡
自動檔	自排
自動販賣機	自动售货机
自動販賣機	自动贩卖机
自動販賣機	贩卖机
自小客車	私家小汽车
自找麻煩	砸砖
自排	自动挡
自治區	自治区
自治縣	自治县
自然淘汰	天择
自然淘汰	自然选择
自然經濟	小农经济
自營生物	独立营养生物
自營生物	生产者
自營生物	自养生物
自用車	私家车
自由下落	自由降落
自由市場	自由市场
自由式	捷泳
自由式	爬泳
自由式	自由泳
自由業	自由职业
自由泳	捷泳
自由泳	爬泳
自由泳	自由式
自由行	个人游
自由轉會	零转会费
自行車	单车
自行車	脚踏车
自行車	自行车
自訴	私诉
自訴	自诉
自食惡果	砸砖
自駕車	自驾车
自駕遊	汽车游
自體免疫疾病	自身免疫疾病
自體免疫疾病	自身免疫病
自黏性標籤	不干胶
臭氧層	臭气层
臭氧層	臭氧层
致冷劑	冷却剂
致冷劑	冷媒
致冷劑	制冷剂
致冷劑	致冷剂
致冷劑	雪种
臺客	本地俗人
臺灣獼猴	台湾猕猴
臺灣獼猴	台湾猴
臼齒	大牙
臼齒	槽牙
臼齒	磨牙
臼齒	臼齿
舉球員	二传手
舉球員	托手
舞廳	迪厅
舞廳	迪吧
舞龍	玩龙灯
舞龍	舞龙
航太	航天
航太人	航天人
航廈	候机楼
航廈	航站楼
航空警察	乘警
色彩變異	易色
色情網站	色情网站
色情網站	黄网
艾尼紐	厄尔尼诺
艾尼紐	厄尔尼诺现象
艾尼紐	圣婴
艾尼紐	圣婴现象
艾尼紐	艾尼纽
芒果	杧果
芒果	檬果
芝士	乳酪
芝士	吉士
芝士	奶酪
芝士	起司
芝士	起士
芝麻球	麻团
芬蘭浴	桑拿
芬蘭浴	桑拿浴
芬蘭浴	芬兰浴
芬蘭浴	萨乌拉浴
芭樂	番石榴
芭樂	鸡矢果
芭樂票	空头支票
芮氏	里氏
芮氏	里氏震级
芮氏地震規模	里氏
芮氏地震規模	里氏震级
花圃	花池子
花園鞋	洞洞鞋
花園鞋	花园鞋
花崗岩	花岗岩
花崗岩	花岗石
花崗岩	麻石
花崗石	花岗岩
花崗石	花岗石
花崗石	麻石
花式	花样
花式溜冰	花样滑冰
花式滑水	花样滑水
花招	猫儿腻
花招	猫匿
花招	猫腻
花生	落花生
花生	长生果
花言巧語	花功
花豆	红腰豆
苡仁	药玉米
苡仁	薏仁
苡仁	薏仁米
苡仁	薏米
苡仁	薏苡仁
苦竹	刺竹
苦竹	大勒竹
苦竹	鸡筋油竹
苦蚵仔	日本鳀
苦蚵仔	鳀
英里	迈
茶包	袋泡茶
茶水間	水房
茶葉蛋	茶叶蛋
茶葉蛋	茶鸡蛋
草地足球場	绿茵场
莫耳	摩
莫耳	摩尔
莫耳質量	摩尔质量
莫耳體積	摩尔体积
菁英	拔尖子
菜單	菜单
菜單	菜谱
菜市場	农贸市场
菜市場	菜点
菜籃	菜篮子
菜花	淋病
菜豆	四季豆
菜豆	芸豆
菜頭	芦菔
菜頭	莱菔
菜頭	萝卜
華爾滋	华尔兹
華爾滋	圆舞曲
菸毒勒戒所	戒毒中心
菸毒勒戒所	戒毒所
萊菔	芦菔
萊菔	莱菔
萊菔	萝卜
萬國語音學字母	国际音标
萬國音標	国际音标
落單	放单
落塵	原子尘
落塵	落尘
落塵	降尘
落後國家	不发达国家
落漆	很逊
落花生	花生
落花生	长生果
著數	招数
著數	着数
葡萄柚	西柚
董座	董事长
蒙汗藥	蒙汗药
蒙汗藥	蒙药
蒟蒻	魔芋
蒸蛋	蛋羹
蒸蛋	鸡蛋羹
蓋仙	能说会道的人
蓋火鍋	盖帽儿
蓋火鍋	盖火锅
蓋飯	盖浇饭
蓋飯	盖饭
蓮霧	洋蒲桃
蓮霧	莲雾
蔬果店	菜店
蔬果行	菜店
蕃茄	番茄
蕃茄	西红柿
蕃薯	地瓜
蕃薯	甘薯
蕃薯	番薯
蕃薯	白薯
蕃薯	红苕
蕃薯	红薯
薏仁	苡仁
薏仁	药玉米
薏仁	薏仁米
薏仁	薏米
薏仁	薏苡仁
薏仁米	苡仁
薏仁米	药玉米
薏仁米	薏仁
薏仁米	薏米
薏仁米	薏苡仁
薏米	苡仁
薏米	药玉米
薏米	薏仁
薏米	薏仁米
薏米	薏苡仁
薏苡仁	苡仁
薏苡仁	药玉米
薏苡仁	薏仁
薏苡仁	薏仁米
薏苡仁	薏米
薩克斯	萨克斯
薩克斯	萨克斯管
薩克斯	萨克斯风
薩克斯	萨克管
薩克斯風	萨克斯
薩克斯風	萨克斯管
薩克斯風	萨克斯风
薩克斯風	萨克管
薩克管	萨克斯
薩克管	萨克斯管
薩克管	萨克斯风
薩克管	萨克管
薪水	岗位工资
薪水	职务工资
薪水階級	工薪阶层
薪酬績效	薪效
薯片	土豆片
藍營	泛蓝阵营
藍白當機畫面	蓝屏
藍白當機畫面	蓝屏死机
藍調	布鲁斯
藍軍	蓝军
藍領	灰领
藍領	银领
藏鏡人	幕后指使者
藝品	工艺品
藥妝店	药品及化妆品店
藥用棉	卫生棉
藥用棉	药用棉
藥罐子	病秧子
藥頭	药
藻華	水华
藻華	藻华
藻華	藻花
蘆菔	芦菔
蘆菔	莱菔
蘆菔	萝卜
蘇打餅	克力架
蘇打餅	梳打饼
蘇打餅	苏打饼
蘇打餅	苏打饼干
蘇打餅乾	克力架
蘇打餅乾	梳打饼
蘇打餅乾	苏打饼
蘇打餅乾	苏打饼干
蘿蔔	芦菔
蘿蔔	莱菔
蘿蔔	萝卜
虎克定律	胡克定律
處境為難	坐蜡
處女秀	处子秀
處理突發事件	处警
虛擬實境	虚拟现实
虛擬記憶體	虚拟内存
虛擬記憶體	虚拟存储器
虱目魚	白鳞鲻
虱目魚	虱目鱼
虱目魚	遮目鱼
虹鱒	虹鳟
虹鱒	虹鳟鱼
虹鱒	麦奇大麻哈鱼
虹鱒魚	虹鳟
虹鱒魚	虹鳟鱼
虹鱒魚	麦奇大麻哈鱼
蚊子工程	形象工程
蚊子工程	面子工程
蚊子館	闲置的公共建筑
蜂窩煤	蜂窝煤
蝤蛑	枪蟹
蝤蛑	梭子蟹
螢光	熒光
螢光劑	白色染料
螢光劑	荧光剂
螢光劑	荧光增白剂
螢光增白劑	白色染料
螢光增白劑	荧光剂
螢光增白劑	荧光增白剂
螢光幕	屏幕
螢光幕	荧光屏
螢光幕	荧屏
螢光幕	视屏
螢光棒	荧光棒
螢光燈	日光灯
螢光燈	荧光灯
螢光筆	荧光笔
螢光粉	荧光粉
螢光粉	荧火粉
螢幕	屏幕
螢幕	显示屏
螢幕	荧光屏
螢幕	荧屏
螢幕	视屏
螢幕保護程式	屏保
螢幕保護程式	屏幕保护
螢幕截圖	屏幕截图
螢幕截圖	截图
螢幕截圖	截屏
螺旋菌	螺菌
螺絲刀	改锥
螺絲刀	螺丝刀
螺絲刀	螺丝起子
螺絲刀	起子
螺絲起子	改锥
螺絲起子	螺丝刀
螺絲起子	螺丝起子
螺絲起子	起子
蟲害	虫情
蠑螈	蝾螈
蠢	很二
血吸蟲病	血防
血牛	卖血的人
行事曆	日程表
行人徒步區	步行街
行動劇	活报剧
行動硬碟	移动硬盘
行動碟	优盘
行動碟	大拇哥
行動碟	快闪碟
行動碟	快闪记忆体盘
行動碟	行动碟
行動碟	闪存盘
行動碟	闪盘
行動碟	霹雳碟
行動裝置	移动设备
行動裝置	行动装置
行動設備作業系統	移动操作系统
行動通信	移动通信
行動電源	充电宝
行動電源	移动电源
行動電源	随身充
行動電視	移动电视
行動電話	大哥大
行動電話	手机
行動電話	无线电话
行動電話	移动电话
行動電話網路	移动通网
行家	里手
行李	行包
行為塑造	舍宾
行照	行驶证
行車執照	行驶证
行道樹	仪仗树
行道樹	行道树
街友	露宿者
衛戍區	卫戍区
衛浴設備	洁具
衛生棉	卫生巾
衛生棉	卫生棉
衛生筷	一次性筷子
衛生筷	卫生筷
衛生衣	卫生衣
衛生衣	棉毛衫
衛生褲	卫生裤
衛生褲	棉毛裤
衛生褲	秋裤
衛生院	卫生院
衝金	冲金
表面	明面
表面活性劑	表面活性剂
袋茶	茶包
袋茶	袋泡茶
袋裝水	袋装水
袖章	臂章
袖章	袖标
被套	被罩
裁員	压锭
裂解	裂化
補漏洞	堵窟窿
補給船	供应舰
補給船	补给舰
補給船	补给船
補給船	运补船
補給艦	供应舰
補給艦	补给舰
補給艦	补给船
補給艦	运补船
補習班	补习班
裝模作樣	装相
裡脊	里脊
裡脊	里脊肉
裡脊肉	里脊
裡脊肉	里脊肉
裸照案	不雅照案
裸照案	艳照案
裸照案	艳照门
製麵	白案
製麵	面案
複印本	复印件
複印本	影印件
複印機	复印机
複合機	打印机
複合運輸	复合运输
複合運輸	多式联运
褓姆	保姆
褓母	保姆
褲子口袋	裤兜
褲襪	袜裤
褲襪	裤袜
褲襪	连裤袜
襯衫	恤衫
襯衫	衬衣
襯衫	衬衫
西方國家的節日	洋节
西曆	公历
西曆	国历
西曆	太阳历
西曆	格里历
西曆	西历
西曆	阳历
西洋棋	国际象棋
西洋茶館	茶吧
西裝	正装
要點	信息点
視訊會議	电视电话会议
視訊會議	视频会议
視訊電話	视频电话
親善大使	礼仪小姐
觀光事業	旅游事业
觀光局	旅游局
觀光旅遊局	旅游局
觀念型態	意识形态
觀念型態	观念形态
觀念形態	意识形态
觀念形態	观念形态
角平分線	角平分线
角柱	棱柱
角錐	棱锥
角錐	棱锥体
角錐體	棱锥
角錐體	棱锥体
角頭	黑社会老大
解凍	开冻
解凍	开化
解析度	分辨率
解決矛盾	解扣子
解碼器	破码器
解碼器	解码器
解碼盒	机顶盒
解碼盒	解码盒
解除安裝	卸载
觱達	筚达
觱達	觱达
觸控式螢幕	触屏
觸控式螢幕	触控式屏幕
觸控式螢幕	触摸屏
言外之意	潜台词
計程車	出租汽车
計程車	出租车
計程車	的士
計程車	计程车
計算器	计算器
計算機	计算器
計費表	计价器
討海人	靠海吃海的人
記憶卡	存储卡
記憶卡	记忆卡
記憶體	存储器
記者會	通气会
訪賓	来宾
設籍	落户
許氏平鮋	许氏平鲉
許氏平鮋	黑寨
許氏平鮋	黑石鲈
許氏平鮋	黑鲪
訴願	行政复议
訴願	诉愿
診療室	诊室
診療室	诊疗室
評量	估量
詞組	短语
詞組	词组
試用期	试岗
試算	预估
詩曲	音诗
話劇	文明戏
話劇	话剧
話務員	接线员
話務員	话务员
認分	认清自己的本分
認養	认养
認養	认领
語音切換	文语转换
說假話	放空炮
說大話	放卫星
說大話	放空炮
說服	做工作
說空話	放空炮
課外活動	第二课堂
調休	倒休
調休	调休
調味乳	液态奶
調撥車道	可变车道
調撥車道	潮汐车道
調查研究	调研
調理包	料理包
調理包	调理包
調薪	调薪
調薪	调资
談戀愛	谈朋友
論壇	帖吧
論壇	贴吧
諧星	搞笑艺人
諧星	笑星
諮詢人員	咨客
諷刺	埋汰
諾貝爾獎	诺奖
諾貝爾獎	诺贝尔奖
諾魯茲節	肉孜节
證人	证人
證人	证明人
證婚人	证婚人
識別證	胸卡
識別證	胸牌
識別證	识别证
警員	警员
警察宿舍	警营
警察局	公安局
警局	公安局
警局	警察局
警衛	警卫
警衛	警卫员
警階	警衔
議場	会场
護航艦	护卫舰
護衛艦	护卫舰
護貝	塑封
護貝	过塑
護髮	焗油
讀卡機	读卡机
讀卡機	阅卡机
讀碼機	条形码扫描器
讀碼機	条码扫描器
讀者投書	读者来信
變瘦	落膘
谷底	浪谷
豆腐腦	豆腐脑
豆腐腦	豆腐花
豆腐腦	豆花
豆花	豆腐脑
豆花	豆腐花
豔照案	不雅照案
豔照案	艳照案
豔照案	艳照门
豔照案	裸照案
豬五花	囊揣
豬五花	囊膪
豬油	大油
豬草	猪草
貓熊	大熊猫
貓熊	熊猫
貓熊	猫熊
貝他射線	乙种射线
貝他射線	贝塔射线
貝克漢頭	毛寸
貝果	百吉饼
貝果	贝果
負成長	负增长
負案	负案
財團法人	企业法人
貢龜	亏本
貧窮線	贫困线
貧窮落後地區	老少边穷
貨卡	皮卡
貨櫃	货柜
貨櫃	集装箱
貨車	载重汽车
販報機	售报机
販賣機	自动售货机
販賣機	自动贩卖机
販賣機	贩卖机
販賣部	小卖部
貼文	贴子
貼標籤	打棍子
資優班	特优班
資優生	尖子生
資安	互联网安全防御
資安	信息安全
資安	网御
資安	资讯安全
資料匯流排	数据总线
資料夾	文件夹
資料夾	档案夹
資料探勘	数据挖掘
資料探勘	数据采掘
資格考	文凭试
資格考試	文凭试
資訊	信息
資訊化	信息化
資訊安全	互联网安全防御
資訊安全	信息安全
資訊安全	网御
資訊安全	资讯安全
資訊工業	信息产业
資訊庫	信息库
資訊戰	信息战
資訊技術	信息技术
資訊服務網	信息服务网
資訊流	信息流
資訊理論	信息理论
資訊產業	信息产业
資訊科技	信息科技
資訊系統	信息系統
資訊高速公路	信息高速公路
資訊點	信息点
資遣費	遣散费
資齡	工龄
資齡	年资
資齡	资龄
賓士	大奔
賓士	奔驰
賠本賤賣	割肉
賣座率	上座率
質數	素数
質數	质数
購物中心	摩尔
購物中心	销品茂
賽馬彩券	马彩
赤腳仙	赤脚医生
走下坡	退坡
走下坡	顺坡溜
走廊	楼道
走廊通道	楼道
走秀	行天桥
走秀	走台
走秀	走猫步
走調	走音
走調	跑调
走調	跑调儿
走調兒	走音
走調兒	跑调
走調兒	跑调儿
走讀生	走读生
走讀生	通学生
走透透	很熟
走音	跑调
走音	跑调儿
起價	起步价
起司	乳酪
起司	吉士
起司	奶酪
起司	芝士
起司	起士
起士	乳酪
起士	吉士
起士	奶酪
起士	芝士
起士	起司
起始價	起步价
起始價格	起步价
起子	改锥
起子	螺丝刀
起子	螺丝起子
起徵點	征税起点
起徵點	起征点
起徵點	起税点
起點站	始发站
超勤	加班
超商	自选商场
超商	自选市场
超商	超市
超商	超级市场
超大型積體電路	超大规模集成电路
超市	自选商场
超市	自选市场
超市	超级市场
超文件標示語言	超文本置标语言
超文本標記語言	超文本置标语言
超時休假	超假
超時請假	超假
超極致筆電	超极本
超級女聲	超女
超級市場	自选商场
超級市場	自选市场
超級市場	超市
超級市場	超级市场
超級稻	超级稻
超級稻	超高产水稻
超級雜交水稻	超级稻
超級雜交水稻	超高产水稻
超級電腦	超级电脑
超級電腦	超级计算器
超聲波	超声波
超載	满负荷
超連結	超级链接
超連結	超级链结
超連結	超链接
超連結	超链结
超鏈結	超级链接
超鏈結	超级链结
超鏈結	超链接
超鏈結	超链结
超音波	超声波
超音速	超声速
超領	超支
趕流行	翻行头
趨光性	向光性
趨光性	向旋旋光性
趨光性	向日性
趨光性	趋光性
足球彩券	足彩
足球彩券	足球彩票
足球比賽裁判員	黑衣法官
跌破眼鏡	跌眼镜
跌破眼鏡	跌破眼镜
跑腿	催巴儿
跑路費	跑路费
跑路費	辛苦费
跟班	催巴儿
跟監	跟踪监视
跨度	跨径
跨距	跨度
跨距	跨径
路樹	仪仗树
路樹	行道树
路緣	道牙
路緣	马路牙子
路緣石	道牙
路緣石	马路牙子
路肩	应急车道
路肩	辅路
路肩	辅道
路規	路规
路邊攤	马路市场
跳機	到外国非法打工
跳機	发射器具上的扳机
跳票	延期
跳電	跳闸
踩點	踩点
踩點	踩道
踹共	出来讲
蹭飯	蹭饭
蹲守	蹲坑
蹲式馬桶	蹲坑
蹲點	蹲坑
蹲點	蹲点
蹺家	离家出走
蹺班	翘班
蹺課	逃课
蹺蹺板	压板
蹺蹺板	翘翘板
蹺蹺板	跷跷板
身分權	身份权
身分證	身份证
身歷聲	立体声
躺著也中槍	躺枪
車掌	检票员
車斗	跨斗
車斗	车斗
車胎	车带
車胎	车胎
車胎	轮带
車胎	轮胎
車輛廢氣	尾气
軋車	飙车
軍人	拿枪杆子的
軍公教	军人公务员教师
軍區	军分区
軍教片	军旅剧
軟實力	软力量
軟實力	软实力
軟式磁碟機	软式磁盘机
軟性規定	软指标
軟性規定	软目标
軟碟	软盘
軟碟	软磁盘
軟碟機	软式磁盘机
軟骨功	柔身术
軟骨功	软骨功
軟骨頭	软椅
軟骨頭沙發	软椅
軟體	软件
軟體包	软件包
軟體工程	软件工程
軟體環境	软环境
載客數	车容
載貨量	车容
輔助性材料	辅料
輔助記憶體	外存储器
輔助記憶體	辅助存储器
輔導級	小孩在家长陪同下观看
輕型摩托車	轻骑
輕型機車	轻便摩托车
輕型機車	轻骑
輕軌	城市铁路
輕軌	城铁
輕軌	轻轨
輕軌	轻轨铁路
輕軌站	空轨站
輕軌站	轨道站
輕軌站	轻轨站
輕軌鐵路	城市铁路
輕軌鐵路	城铁
輕軌鐵路	轻轨
輕軌鐵路	轻轨铁路
輟學	废学
輪作	倒茬
輪作	轮作
輪作	轮栽
輪作	轮种
輪姦	轮奸
輪式溜冰	轮滑
輪暴	轮奸
輪栽	倒茬
輪栽	轮作
輪栽	轮栽
輪栽	轮种
輪種	倒茬
輪種	轮作
輪種	轮栽
輪種	轮种
輪胎	车带
輪胎	车胎
輪胎	轮带
輪胎	轮胎
輸入	录入
輻合思考	聚合思维
輻合思考	辐合思维
轉化	比拟
轉帖	转帖
轉帖	转贴
轉文	转帖
轉文	转贴
轉移矩陣	转移矩阵
轉移矩陣	转移阵
轉職	转岗
轉貼	转帖
轉貼	转贴
轉運站	换乘站
轉運站	转运站
轉錄本	转录本
轉錄本	转录物
轎車	家庭车
轎車	轿车
辛香料	俏头
辦公大樓	写字楼
辦公大樓	商务楼
辦公室	写字间
辦公桌	一头儿沉
辦桌	办酒席
辦桌	摆宴
農作物生長情況	苗情
農保	农保
農會	农会
農民曆	农家历
農活	活茬
農產品批發	农批
農膜	农膜
農膜	地膜
迎賓人員	咨客
返回工作崗位	复岗
返回工作崗位	返岗
返潮	回潮
返還利潤	返利
迪士尼	迪斯尼
迪斯可	的士高
迪斯可	迪斯科
迪斯可舞廳	迪厅
迪斯可舞廳	迪吧
迴力鏢	回力标
迴力鏢	回力镖
迴力鏢	回旋标
迴力鏢	回旋镖
迴力鏢	自归器
迴力鏢	飞去来器
迴力鏢	飞机板
迴旋標	回力标
迴旋標	回力镖
迴旋標	回旋标
迴旋標	回旋镖
迴旋標	自归器
迴旋標	飞去来器
迴旋標	飞机板
迴旋鏢	回力标
迴旋鏢	回力镖
迴旋鏢	回旋标
迴旋鏢	回旋镖
迴旋鏢	自归器
迴旋鏢	飞去来器
迴旋鏢	飞机板
迴紋針	回形针
迴紋針	曲别针
迷你裙	超短裙
迷姐	迷妹
迷幻藥	致幻剂
迷幻藥	迷幻药
追撞	追尾
送做堆	配成对
送報生	报纸投递员
送暖	送温暖
逃犯	流窜犯
逃避償還貸款	逃贷
逆境商數	挫折商
逆境商數	逆商
逆境商數	逆境商
逆境商數	逆境商数
逆敘	倒叙
逆敘	倒插笔
逆敘	逆叙
透徹理解	吃透
通儲	通存
通勤生	走读生
通勤生	通学生
通學生	走读生
通學生	通学生
通提	通兌
通膨	通胀
通膨	通货膨胀
通訊員	交通员
通識教育	通才教育
通貨膨脹	通胀
通貨膨脹	通货膨胀
通道	楼道
通關機	闸机
速克達	踏板摩托车
速克達	速克达
速克達	速可达
速可達	踏板摩托车
速可達	速克达
速可達	速可达
速賜康	喷他佐辛
速賜康	镇痛新
速食	快餐
速食店	快餐店
速食戀愛	快餐恋爱
速食戀愛	速食恋爱
速食麵	即食面
速食麵	快熟面
速食麵	快速面
速食麵	快餐面
速食麵	方便面
速食麵	泡面
連帽大衣	皮猴儿
連接線	接线
連接線	连接线
連接線	连线
連線	联机
連線	连线
連衣裙	连衣裙
連身裙	连衣裙
週休二日	双休日
進口菸	外烟
進口香菸	外烟
進項	来项
進項	进项
遊客資訊中心	游客信息中心
遊樂園	娱乐城
遊樂園	游乐园
遊樂園	游乐场
遊樂場	娱乐城
遊樂場	游乐园
遊樂場	游乐场
遊覽車	旅游车
運匠	司机
運將	司机
運能	运力
運能	运能
運補船	供应舰
運補船	补给舰
運補船	补给船
運補船	运补船
過動兒	多动儿
過動症	多动症
過敏	变态反应
過敏	过敏
過敏	过敏反应
過敏	过敏性反应
過敏反應	变态反应
過敏反應	过敏
過敏反應	过敏反应
過敏反應	过敏性反应
過敏性反應	变态反应
過敏性反應	过敏
過敏性反應	过敏反应
過敏性反應	过敏性反应
道路規則	路规
道路護欄	隔离墩
達到極限	顶破天
達標	封顶
達烏爾黃鼠	地松鼠
達烏爾黃鼠	蒙古黄鼠
達烏爾黃鼠	达乌尔黄鼠
達烏爾黃鼠	达斡尔黄鼠
達烏爾黃鼠	黄鼠
達烏爾黃鼠	鼲鼠
違建	违建
違建	违章建筑
違建	违规建筑
違章建築	违建
違章建築	违章建筑
違章建築	违规建筑
違紀懲處	违规记分
違規房	违规房
遠程巡航導彈	远程巡航导弹
遠程教育	远教
遠程教育	远程教育
遠程教育	远距离教育
遠距教學	远距离教学
遠距離教育	远教
遠距離教育	远程教育
遠距離教育	远距离教育
遣散費	遣散费
遵守紀律	纪律性
選務	选举相关事务
選單	功能表
選單	菜单
選單	选单
選戰	选举期间的竞争状况
選殖	克隆
選殖	克隆化
避孕器	节育器
避車彎	避车道
避車道	避车道
避難包	应急包
避難包	避难包
避難設施	应急建筑
避震鞋	减震鞋
邁	英里
邁	迈
還原乳	复原乳
還原乳	还原乳
還原乳	还原奶
部落客	博主
部落客	博客
部落客	晒客
部落格	博客
郵冊	插册
郵冊	邮册
郵冊	邮集
郵冊	集邮册
郵務士	投递员
郵務士	邮差
郵務士	邮递员
郵差	投递员
郵差	邮差
郵差	邮递员
郵遞區號	邮政编码
郵遞區號	邮码
郵遞區號	邮编
郵集	插册
郵集	邮册
郵集	邮集
郵集	集邮册
都市化	城镇化
都市化程度	城市化水平
都市化程度	城市化率
都市化程度	城市化程度
都市更新	城市更新
都市更新	旧城改造
都更	城市更新
都更	旧城改造
都更	都市更新
都會區	城市圈
都會圈	城市圈
都會圈	城市带
都會圈	都市圈
鄉村旅遊	乡村游
鄉村旅遊	农家游
配套工程	穿靴戴帽
配菜	菜码
配菜	面码
配音	伴声
配音	伴音
酒吧	水吧
酒會	冷餐会
酒會	酒会
酒測器	吹波机
酒測器	测酒器
酒駕	醉驾
酣樂欣	三唑仑
酣樂欣	海乐神
酣樂欣	酣乐欣
酥脆	嘎嘣脆
酪梨	鳄梨
醃肉	咸肉
醃肉	渍肉
醃肉	盐肉
醃肉	腌肉
醫改	医改
醫療保險	医保
醫療保險	医疗保险
醫療器材	药械
醫護人員	白衣战士
里幹事	村长
里民	村民
里肌	里脊
里肌	里脊肉
里肌肉	里脊
里肌肉	里脊肉
重修	复读
重新播放	回放
重新施工	返工
重機	重車
重車	重機
重車	重车
重量莫耳濃度	重量摩尔浓度
野生食品	生物食品
野雞車	黑车
量角器	分度器
量角器	分度规
量角器	半圆仪
量角器	半圆规
量販店	霸级市场
量體溫	试表
金光黨	碰瓷
金庫	金库
金槍魚	吞拿鱼
金槍魚	金枪鱼
金槍魚	鲔鱼
金氏世界紀錄	吉尼斯世界纪录
金融卡	借记卡
金融卡	扣账卡
針織手套	线手套
鉛筆裙	一步裙
鉳	锫
銀聯卡	银联卡
銀髮族	银龄
銃子	冲子
銃子	铳子
銅板	硬币
銅板	钢镚儿
銅板	钢镚子
銅板	镚子
銷售情況	销势
鋁箔包	利乐包
鋁箔包	软包装
鋁製品	钢种
鋁製品	钢精
鋪面房	店面
鋪面房	铺面房
鋪面房	门面房
鋼包	钢包
錄影	录像
錄影帶	录像带
錄影機	录像机
錄音帶隨身聽	单放机
錯開高峰時段	错峰
鍅	钫
鎮	集镇
鎮暴警察	防暴警察
鏡像反射	镜反射
鏡像反射	镜面反射
鏡反射	镜反射
鏡反射	镜面反射
鏡面反射	镜反射
鏡面反射	镜面反射
鐘點工	小时工
鐘點工	钟点工
鐳射	激光
鐳射	莱塞
鐳射	莱射
鐳射	镭射
鐳射	雷射
鐳射	雷射光
鐵牛	耕耘机
鐵牛車	拖拉机
鐵粉	精粉
鐵粉	铁粉
鐵粉	铁精粉
鐵路員工制服	路服
鐵路警察	乘警
鐵飯碗	胶皮饭碗
鐵馬	单车
鐵馬	脚踏车
鐵馬	自行车
鐵齒	铁齿
鑽漏洞	钻空子
長城站	中国南极长城站
長城站	长城站
長期記憶	长久记忆
長期記憶	长时记忆
長期記憶	长期记忆
長生果	花生
長生果	落花生
長生果	长生果
長程巡弋飛彈	远程巡航导弹
長紅	长红
長紅	飘红
門票	表演票
閃電戰	闪击战
閃電戰	闪电战
開伙	起伙
開始收割	开割
開始收割	开镰
開始銷售	动销
開學典禮	开学典礼
開獎機	吹波机
開獎機	吹球机
開獎機	开奖机
開獎機	顶球机
開玩笑	开涮
開發中國家	发展中国家
開發中國家	欠发达国家
開發國家	先进国家
開發國家	发达国家
開箱率	开箱率
開車兜風	游车河
開麥拉	照相机
閒聊	侃大山
閒聊	扯闲篇
閒聊	闲侃
閘道	网关
閘道	网间连接器
閘道器	网关
閘道器	网间连接器
閱卷	评卷
閱卷	阅卷
閻王帳	阎王债
閻王帳	阎王账
闊少爺	款爷
關鍵點	信息点
關門大吉	倒灶
防止特務滲透	防特
防汛工作	备汛
阻礙	开红灯
阿伐射線	甲种射线
阿伐射線	阿尔法射线
阿司匹靈	阿司匹林
阿嬤	祖母
阿巴桑	大妈
阿拉	安拉
阿拉	真主
阿摩尼亞水	氨水
阿斯匹靈	阿司匹林
阿滋海默症	阿兹海默症
阿滋海默症	阿尔茨海默病
阿爾法射線	甲种射线
阿爾法射線	阿尔法射线
阿茨海默症	阿兹海默症
阿茨海默症	阿尔茨海默病
阿茲海默症	阿兹海默症
阿茲海默症	阿尔茨海默病
阿莎力	干脆
阿莎力	豪爽
阿達	脑筋不正常
降半旗	下半旗
降雨情況	雨情
限制級	十八禁
限時專送	特快
陣頭	队伍最前列
除役	退役
陪伴老人	陪老
陰陽人	两性人
陰陽人	二形人
陰陽人	二性子
陰陽人	阴阳人
陷害	坑爹
陸勞	在台湾打工的中国人
陸客	大陆游客
陸橋	天桥
陸橋	过街天桥
陸橋	过街桥
陸生	大陆学生
陽傘	凉伞
陽傘	旱伞
陽傘	阳伞
陽台	晾台
陽曆	公历
陽曆	国历
陽曆	太阳历
陽曆	格里历
陽曆	西历
陽曆	阳历
陽痿	阳痿
陽萎	阳痿
隨身包	便携装
隨身硬碟	移动硬盘
隨身碟	优盘
隨身碟	大拇哥
隨身碟	快闪碟
隨身碟	快闪记忆体盘
隨身碟	行动碟
隨身碟	闪存盘
隨身碟	闪盘
隨身碟	霹雳碟
隱性失業	亚失业
隱性失業	隐性失业
隱性失業	隐藏性失业
隱性收入	隐形收入
隱性收入	隐性收入
隱私	包袱底儿
隱藏性失業	亚失业
隱藏性失業	隐性失业
隱藏性失業	隐藏性失业
雅房	非独立卫浴出租屋
雅痞	雅痞士
雅痞	雅皮士
集中式網路	集中式网络
集團婚禮	集体婚礼
集團結婚	集体婚礼
集成塊	集成块
集成塊	集成电路
集貨	集运
集貨送貨	集疏运
集運	集运
集郵冊	插册
集郵冊	邮册
集郵冊	邮集
集郵冊	集邮册
集郵日戳	集邮日戳
集體主義	集体主义
集體婚禮	集体婚礼
集體採訪	群访
集體犯罪	团伙
集體發送	群发
雙人房	双人房
雙人房	双人间
雙人房	标准间
雙人房	标间
雙層公車	双层公交车
雙拼	双拼
雙槽洗衣機	双桶洗衣机
雙槽洗衣機	双缸洗衣机
雙薪家庭	双职工
雙薪家庭	双职工家庭
雙響	两响
雙響	二踢脚
雙響	双响
雙黃線	中心双实线
雙黃線	双黄线
雞卵	白果儿
雞卵	鸡卵
雞卵	鸡子
雞卵	鸡子儿
雞卵	鸡蛋
雞子	白果儿
雞子	鸡卵
雞子	鸡子
雞子	鸡子儿
雞子	鸡蛋
雞粉	鸡粉
雞粉	鸡精
雞粉	鸡精粉
雞精	鸡精
雞精粉	鸡粉
雞精粉	鸡精
雞精粉	鸡精粉
雞蛋	白果儿
雞蛋	鸡卵
雞蛋	鸡子
雞蛋	鸡子儿
雞蛋	鸡蛋
離任	离任
離任	离岗
離峰期	低峰期
離島	离岛
離線	下线
離線	下网
離線	离线
離線	脱机
離線作業	离线作业
離題	离题
離題	走题
離題	跑题
雨刷	雨刮器
雨刷	雨刮子
雨棚	雨搭
雨衣	雨披
雨靴	水靴
雪人	雪罗汉
雲端	微盘
雲端運算	云计算
零和遊戲	零和博弈
零和遊戲	零和游戏
零售	拆零
零嘴	零吃
零嘴	零嘴儿
零嘴	零食
零嘴兒	零吃
零嘴兒	零嘴
零嘴兒	零嘴儿
零嘴兒	零食
零增長	零增长
零成長	零增长
零用金	零用钱
零組件	零件
零資本	零投入
零資金	零投入
零配件	零部件
零頭款	零首付
零頭款	零首期
零食	零吃
零食	零嘴
零食	零嘴儿
零首期	零首付
雷射	光刀
雷射	激光
雷射	莱塞
雷射	莱射
雷射	镭射
雷射	雷射光
雷射光	激光
雷射光	莱塞
雷射光	莱射
雷射光	镭射
雷射光	雷射
雷射刀	激光刀
雷射印表機	激光打印机
雷射唱機	激光唱机
雷射唱片	激光唱片
雷射器	激光器
雷射器	莱塞
雷射導引	激光制导
雷射武器	激光武器
雷射通信	激光通信
電信公司	运营商
電傳打字機	电传机
電傳視訊	电话视频
電冰箱	冰箱
電冰箱	电冰箱
電冰箱	雪柜
電力抽水灌溉	电灌
電動刮鬍刀	电动剃须刀
電動刮鬍刀	电胡刀
電動扶梯	手扶梯
電動扶梯	步行电梯
電動扶梯	滚梯
電動扶梯	电动扶梯
電動扶梯	电扶梯
電動扶梯	自动扶梯
電動腳踏車	助力车
電動腳踏車	电单车
電動自行車	助力车
電動自行車	电单车
電子出版品	电子出版物
電子出版物	电子出版物
電子商務	电商
電子商務	电子商务
電子字典	电子字典
電子字典	计算机字典
電子檔	电子文檔
電子檔	电子檔
電子眼	电子眼
電子計算機	计算器
電子資訊	电子信息
電子遊戲	电子游戏
電子遊戲	电游
電子遮蔽器	屏蔽仪
電子郵件	伊妹儿
電子郵件	电子函件
電子郵件	电子邮件
電子郵件	电邮
電子防盜門	防盗仪
電容	电容
電容	电容器
電容器	电容
電容器	电容器
電廠	发电厂
電廠	发电站
電廠	电厂
電影	电影
電扶梯	手扶梯
電扶梯	步行电梯
電扶梯	滚梯
電扶梯	电动扶梯
電扶梯	电扶梯
電扶梯	自动扶梯
電晶體	晶体管
電泳晶片	电泳芯片
電漿電視	等离子电视
電熱壺	电热壶
電熱壺	电热水壶
電熱水壺	电热壶
電熱水壺	电热水壶
電爐	电灶
電爐	电炉
電玩軟體	电玩软件
電碗	电锅
電磁感應燈	无极灯
電磁感應燈	电磁感应灯
電磁爐	电磁灶
電磁爐	电磁炉
電筒	手电
電筒	手电筒
電筒	电棒儿
電筒	电筒
電算機	计算器
電聯車	多动力列车组合
電腦字典	电子字典
電腦字典	计算机字典
電腦斷層攝影	断层扫描
電腦斷層攝影	计算机层析成像
電腦斷層攝影	计算机断层扫描
電腦枕	电脑枕
電腦枕	计算机枕
電腦犯罪	电脑犯罪
電腦犯罪	计算机犯罪
電腦病毒	电脑病毒
電腦病毒	计算机病毒
電腦程式	计算机程序
電腦程式	软件程序
電腦網路	计算机网络
電腦語音處理	电脑语音处理
電腦語音處理	计算机语音处理
電腦輔助教學	电脑辅助教学
電腦輔助教學	计算机辅助教学
電腦辭典	电脑辞典
電腦辭典	计算机辞典
電腦音樂	计算机音乐
電臀舞	电臀舞
電荷耦合元件	电荷耦合器件
電視節目	银屏
電解槽	电解池
電話答錄機	录音电话
電郵	伊妹儿
電郵	电子函件
電郵	电子邮件
電郵	电邮
電鍋	电饭煲
電鍋	电饭锅
電鬍刀	电动剃须刀
電鬍刀	电胡刀
震央	震中
震度	地震烈度
震度	烈度
震撼彈	晕眩弹
震撼彈	爆震弹
震撼彈	盲聋弹
震撼彈	眩晕弹
震撼彈	重磅炸弹
震撼彈	闪爆弹
震撼彈	震撼弹
震撼彈	震爆弹
震顫麻痺綜合症	巴金森氏症
震顫麻痺綜合症	帕金森氏症
震顫麻痺綜合症	帕金森病
震顫麻痺綜合症	帕金森综合征
震顫麻痺綜合症	帕金森综合症
震顫麻痺綜合症	柏金逊症
震顫麻痺綜合症	震颤麻痹综合症
霜淇淋	冰激凌
露營休閒車	房车
露營車	大篷车
露營車	房车
露臍裝	脐装
露臍裝	露脐装
霹靂包	腰包
青年	小青年
青戲節	北京国际青年戏剧节
青戲節	青戏节
青發	异戊巴比妥
青花菜	绿菜花
青花菜	西兰花
非洲鯽魚	罗非鱼
非洲鯽魚	非洲鲫鱼
非洲鯽魚	非鲫
非鯽	罗非鱼
非鯽	非洲鲫鱼
非鯽	非鲫
面皰	痤疮
韌體	固件
音效卡	声卡
音效卡	声效卡
音訊	声讯
音詩	音诗
韻律操	艺术体操
韻律操	韵律体操
韻律操	韵律操
韻律體操	艺术体操
韻律體操	韵律体操
韻律體操	韵律操
頂客家庭	丁克家庭
頂客族	丁克
頂客族	丁克族
頂客族	丁客族
項鍊	项链
順手	凑手
預先估計產量	估产
預告片	加片
預售屋	商品房
預售屋	期房
預售屋展示	房展
預計盈利	预盈
預計虧損	预亏
預選賽	外围赛
預選賽	预选赛
頒布法令	出台
領港	引港
領港	领港
領頭	打头炮
頜骨	颌骨
頭巾	脑包
頭期款	头期款
頭期款	首付
頭號人物	大腕
頭號人物	大腕儿
頭路	工作
頻寬	带宽
頻寬	频宽
頻寬	频带宽度
頻帶寬度	带宽
頻帶寬度	频宽
頻帶寬度	频带宽度
顎骨	颌骨
顏面神經	面神经
類比電視	模拟电视
類質同形體	同形体
類質同形體	类质同形体
顧人怨	招人烦
顯像管	显像管
顯卡	显卡
顯卡	显示卡
顯卡	显示器适配卡
顯示卡	显卡
顯示卡	显示卡
顯示卡	显示器适配卡
顯示器	显示屏
顯示器配接卡	显卡
顯示器配接卡	显示卡
顯示器配接卡	显示器适配卡
風向儀	向风针
風浪板	帆板
風浪板	滑浪风帆
風範	范儿
風衣	风衣
風衣	风雨衣
風采	范儿
飆車族	飙车族
飛地	飞地
飛安	飞行安全
飛機	银燕
飛碟	不明飞行物
飛碟	飞碟
飛行汽車	飞行汽车
飛行車	飞行汽车
飛魚虎	鲯鳅
食品添加物	食品添加剂
食物味道互染	串味
食物味道互染	串味儿
食物調理包	料理包
食物調理包	调理包
食用澱粉	生粉
食譜	菜谱
食譜	食谱
飯盒	盒饭
飲用水	达标水
飼養中	存栏
餅乾	曲奇
養生會館	浴足店
養生會館	脚沐店
養生會館	足沐店
養生會館	足浴店
養生村	养老院
養蚊子工程	形象工程
養蚊子工程	面子工程
餐會	聚餐
饒舌	说唱
饒舌	饶舌
首席營運長	运营官
首席營運長	首席运营官
首映典禮	首映典礼
首映典禮	首映式
首映典禮	首映礼
首次割膠	开割
首頁	主页
首頁	首页
馬海	马海
馬海	马海毛
馬海毛	马海
馬海毛	马海毛
馬蹄蓮	马蹄莲
馬鈴薯	土豆
馬鈴薯	山药蛋
馬鈴薯	洋芋
馬鈴薯	马铃薯
馬駮	马鲛
馬駮	马鲛鱼
馬鮫魚	马鲛
馬鮫魚	马鲛鱼
駐外使節	驻外使节
駕訓班	驾校
駭客	黑客
驅動程式	驱动程序
驅逐機	战斗机
驅逐機	歼击机
驅逐機	驱逐机
驗疫	检疫
驗票閘門	闸机
驚呆	雷倒
體位	体位
體大	体校
體大	体育运动学校
體檢	体检
體檢	查体
體積百分率	体积百分数
體積百分率	体积百分率
體積莫耳濃度	体积摩尔浓度
體育大學	体校
體育大學	体育运动学校
體育彩券	体彩
體育彩券	体育彩票
高乘載專用道	多成员车辆专用车道
高乘載專用道	多成员车辆专用道
高乘載車道	多成员车辆专用车道
高乘載車道	多成员车辆专用道
高原氣候	高原气候
高姿態	高姿态
高峰時間	高峰时间
高峰會	峰会
高峰會	首脑会议
高峰會	高峰会
高峰會	高峰会议
高峰會議	峰会
高峰會議	首脑会议
高峰會議	高峰会
高峰會議	高峰会议
高幹子弟	官二代
高汙染排放車輛	黄标车
高清晰度電視	高清晰度电视
高清晰度電視	高清电视
高清晰度電視	高解析度电视
高畫質	高清
高畫質	高解像
高畫質電視	高清晰度电视
高畫質電視	高清电视
高畫質電視	高解析度电视
高科技	高技术
高科技	高新
高科技	高新技术
高科技	高新技术企业
高科技戰爭	高技术战争
高科技戰爭	高科技战争
高科技業	高新
高科技業	高新技术企业
高空彈跳	蹦极
高空彈跳	蹦极跳
高等教育學校	高校
高等教育學校	高等学校
高等院校	高校
高等院校	高等学校
高級中學	高级中学
高級住宅	高档房
高級參謀	高参
高級工程師	高级工程师
高級幹部	高干
高級知識份子	高知
高級知識分子	高级知识分子
高級管理人員	高管
高級職業學校	中专
高級職業學校	职业高中
高級職業學校	职高
高職	中专
高職	职业高中
高職	职高
高職	高职
高腰	高靿
高解析度電視	高清晰度电视
高解析度電視	高清电视
高解析度電視	高解析度电视
高速檔	高挡
高階程式語言	高级语言
高階語言	高级语言
高麗菜	包心菜
高麗菜	卷心菜
高麗菜	圆白菜
高麗菜	洋白菜
高麗菜	甘蓝
高麗菜	甘蓝菜
高麗菜	结球甘蓝
高麗菜	莲花白
高點	浪峰
髮夾	发卡
髮夾	发夹
髮夾彎	发卡弯
髮夾彎	发夹弯
髮夾彎	掉头弯
髮姐	发廊小姐
髮廊	发屋
髮廊	发廊
鬆餅	华夫饼
鬆餅	压花蛋饼
鬆餅	松饼
鬆餅	格子饼
鬆餅	窝夫
鬥陣	结伴
鬧區	闹市区
鬧笑話	大窝脖
鬧離婚	打离婚
鬱卒	郁闷
鬱竹	刺竹
鬱竹	大勒竹
鬱竹	苦竹
鬱竹	鸡筋油竹
鬼頭刀	鲯鳅
魔術方塊	魔方
魔鬼氈	魔术贴
魔鬼氈	魔鬼毡
魔鬼氈	魔鬼沾
魔鬼氈	魔鬼粘
魔鬼氈	黏扣带
魔鬼沾	魔术贴
魔鬼沾	魔鬼毡
魔鬼沾	魔鬼粘
魔鬼沾	黏扣带
魔鬼粘	魔术贴
魔鬼粘	魔鬼毡
魔鬼粘	魔鬼沾
魔鬼粘	黏扣带
魚翅	翅子
魚翅	鱼翅
魚苗	鱼秧子
魚苗	鱼花
魚苗	鱼苗
鮪魚	吞拿鱼
鮪魚	金枪鱼
鮪魚	鲔鱼
鮭魚	三文鱼
鮭魚	大马哈鱼
鮭魚	大麻哈鱼
鮭魚	鲑鱼
鮮啤	扎啤
鮮啤	生啤
鮮啤	生啤酒
鮮啤	鲜啤
鮮啤	鲜啤酒
鮮啤酒	扎啤
鮮啤酒	生啤
鮮啤酒	生啤酒
鮮啤酒	鲜啤
鮮啤酒	鲜啤酒
鯊魚服	快皮
鯊魚服	鲨鱼服
鯊魚服	鲨鱼衣
鯊魚衣	快皮
鯊魚衣	鲨鱼服
鯊魚衣	鲨鱼衣
鯕鰍	鲯鳅
鯧	平鱼
鯧	鲳
鯧	鲳鱼
鯧魚	平鱼
鯧魚	鲳
鯧魚	鲳鱼
鯷	日本鳀
鯷	鳀
鷹架	脚手架
鹹肉	咸肉
鹹肉	渍肉
鹹肉	盐肉
鹹肉	腌肉
鹹蛋苦瓜	咸蛋炒苦瓜
麥垛	麦垛
麥奇鉤吻鱒	虹鳟
麥奇鉤吻鱒	虹鳟鱼
麥奇鉤吻鱒	麦奇大麻哈鱼
麥精	麦乳精
麵糰	团粉
麻吉	要好
麻虱目	白鳞鲻
麻虱目	虱目鱼
麻虱目	遮目鱼
黃昏市場	夕阳市场
黃牛	票贩子
黃牛	黄牛
黃色笑話	荤段子
黃色笑話	黄段子
黃鼠	地松鼠
黃鼠	蒙古黄鼠
黃鼠	达乌尔黄鼠
黃鼠	达斡尔黄鼠
黃鼠	黄鼠
黃鼠	鼲鼠
黏扣帶	魔术贴
黏扣帶	魔鬼毡
黏扣帶	魔鬼沾
黏扣帶	魔鬼粘
黏扣帶	黏扣带
黑函	无名帖
黑函	黑帖
黑土	暗沃土
黑帖	无名帖
黑沃土	暗沃土
黑沃土	黑土
黑白講	乱讲
黑盒子	黑匣子
黑社會	砍刀帮
黑社會組織	砍刀帮
黑箱作業	暗箱操作
黑箱作業	黑箱操作
黑輪	杂烩
黑頭車	黑头车
黑鮶	许氏平鲉
黑鮶	黑寨
黑鮶	黑石鲈
黑鮶	黑鲪
點滴	吊瓶
點滴	点滴
點燈器	启动器
點燈器	启辉器
黨工	党工
鼲鼠	地松鼠
鼲鼠	蒙古黄鼠
鼲鼠	达乌尔黄鼠
鼲鼠	达斡尔黄鼠
鼲鼠	黄鼠
鼻胃管	胃管
鼻胃管	鼻饲管
鼻胃管餵食	鼻饲
龐克	朋克
龜毛	斤斤计较
Ｘ光	伦琴射线
Ｘ光	爱克斯光
Ｘ光	爱克斯射线
Ｘ光	Ｘ射线
Ｘ光	Ｘ线
Ｘ射線	伦琴射线
Ｘ射線	爱克斯光
Ｘ射線	爱克斯射线
Ｘ射線	Ｘ光
Ｘ射線	Ｘ射线
Ｘ射線	Ｘ线
